-- Sample data seeding script. Run after Prisma migrations have created the schema.
USE `e-shop`;

SET FOREIGN_KEY_CHECKS = 0;
TRUNCATE TABLE `ReturnOrderImage`;
TRUNCATE TABLE `ReturnOrderRequest`;
TRUNCATE TABLE `Payment`;
TRUNCATE TABLE `OrderItem`;
TRUNCATE TABLE `Order`;
TRUNCATE TABLE `Review`;
TRUNCATE TABLE `CartItem`;
TRUNCATE TABLE `InventoryLog`;
TRUNCATE TABLE `ProductSpec`;
TRUNCATE TABLE `ProductImage`;
TRUNCATE TABLE `ProductVariant`;
TRUNCATE TABLE `Product`;
TRUNCATE TABLE `Series`;
TRUNCATE TABLE `Brand`;
TRUNCATE TABLE `Category`;
TRUNCATE TABLE `Address`;
TRUNCATE TABLE `Otp`;
TRUNCATE TABLE `User`;
TRUNCATE TABLE `Role`;
SET FOREIGN_KEY_CHECKS = 1;

-- Roles ----------------------------------------------------------------------
INSERT INTO `Role` (`id`, `name`) VALUES
(1, 'ADMIN'),
(2, 'CUSTOMER'),
(3, 'STAFF');

-- Users and addresses --------------------------------------------------------
INSERT INTO `User`
(`id`, `full_name`, `email`, `password`, `phone`, `role_id`, `is_active`, `avatar`, `create_at`, `update_at`)
VALUES
('USR-001', 'Nguyễn Văn An', 'an.nguyen@example.com', '$2a$10$sbTvmDx8AldPXzsJ76LGYuq4J4aiqEp7/s0XopFLkPDlP2dg.vUb.', '0901234567', 2, TRUE, NULL, NOW(), NOW()),
('USR-002', 'Trần Thị Bình', 'binh.tran@example.com', '$2a$10$sbTvmDx8AldPXzsJ76LGYuq4J4aiqEp7/s0XopFLkPDlP2dg.vUb.', '0912345678', 2, TRUE, NULL, NOW(), NOW()),
('USR-003', 'Lê Văn Cường', 'cuong.le@example.com', '$2a$10$sbTvmDx8AldPXzsJ76LGYuq4J4aiqEp7/s0XopFLkPDlP2dg.vUb.', '0923456789', 2, TRUE, NULL, NOW(), NOW()),
('USR-004', 'Phạm Thị Dung', 'dung.pham@example.com', '$2a$10$sbTvmDx8AldPXzsJ76LGYuq4J4aiqEp7/s0XopFLkPDlP2dg.vUb.', '0934567890', 2, TRUE, NULL, NOW(), NOW()),
('USR-005', 'Hoàng Văn Em', 'em.hoang@example.com', '$2a$10$sbTvmDx8AldPXzsJ76LGYuq4J4aiqEp7/s0XopFLkPDlP2dg.vUb.', '0945678901', 2, TRUE, NULL, NOW(), NOW()),
('USR-006', 'Đỗ Thị Giang', 'giang.do@example.com', '$2a$10$sbTvmDx8AldPXzsJ76LGYuq4J4aiqEp7/s0XopFLkPDlP2dg.vUb.', '0956789012', 3, TRUE, NULL, NOW(), NOW()),
('USR-007', 'Vũ Văn Hùng', 'hung.vu@example.com', '$2a$10$sbTvmDx8AldPXzsJ76LGYuq4J4aiqEp7/s0XopFLkPDlP2dg.vUb.', '0967890123', 2, TRUE, NULL, NOW(), NOW()),
('USR-008', 'Bùi Thị Lan', 'lan.bui@example.com', '$2a$10$sbTvmDx8AldPXzsJ76LGYuq4J4aiqEp7/s0XopFLkPDlP2dg.vUb.', '0978901234', 2, TRUE, NULL, NOW(), NOW()),
('USR-009', 'Đinh Văn Minh', 'minh.dinh@example.com', '$2a$10$sbTvmDx8AldPXzsJ76LGYuq4J4aiqEp7/s0XopFLkPDlP2dg.vUb.', '0989012345', 3, TRUE, NULL, NOW(), NOW()),
('USR-010', 'Ngô Thị Nga', 'nga.ngo@example.com', '$2a$10$sbTvmDx8AldPXzsJ76LGYuq4J4aiqEp7/s0XopFLkPDlP2dg.vUb.', '0990123456', 2, TRUE, NULL, NOW(), NOW()),
('USR-011', 'Ông Văn Phúc', 'phuc.ong@example.com', '$2a$10$sbTvmDx8AldPXzsJ76LGYuq4J4aiqEp7/s0XopFLkPDlP2dg.vUb.', '0901234876', 2, TRUE, NULL, NOW(), NOW()),
('USR-012', 'Phan Thị Quỳnh', 'quynh.phan@example.com', '$2a$10$sbTvmDx8AldPXzsJ76LGYuq4J4aiqEp7/s0XopFLkPDlP2dg.vUb.', '0912345987', 2, TRUE, NULL, NOW(), NOW()),
('USR-013', 'Tô Văn Rạng', 'rang.to@example.com', '$2a$10$sbTvmDx8AldPXzsJ76LGYuq4J4aiqEp7/s0XopFLkPDlP2dg.vUb.', '0923456098', 3, TRUE, NULL, NOW(), NOW()),
('USR-014', 'Đào Thị Sương', 'suong.dao@example.com', '$2a$10$sbTvmDx8AldPXzsJ76LGYuq4J4aiqEp7/s0XopFLkPDlP2dg.vUb.', '0934567109', 2, TRUE, NULL, NOW(), NOW()),
('USR-015', 'Trương Văn Tài', 'tai.truong@example.com', '$2a$10$sbTvmDx8AldPXzsJ76LGYuq4J4aiqEp7/s0XopFLkPDlP2dg.vUb.', '0945678210', 2, TRUE, NULL, NOW(), NOW()),
('USR-016', 'Vương Thị Uyên', 'uyen.vuong@example.com', '$2a$10$sbTvmDx8AldPXzsJ76LGYuq4J4aiqEp7/s0XopFLkPDlP2dg.vUb.', '0956789321', 2, TRUE, NULL, NOW(), NOW()),
('USR-017', 'Yên Văn Vinh', 'vinh.yen@example.com', '$2a$10$sbTvmDx8AldPXzsJ76LGYuq4J4aiqEp7/s0XopFLkPDlP2dg.vUb.', '0967890432', 2, TRUE, NULL, NOW(), NOW()),
('USR-018', 'Lâm Thị Xuân', 'xuan.lam@example.com', '$2a$10$sbTvmDx8AldPXzsJ76LGYuq4J4aiqEp7/s0XopFLkPDlP2dg.vUb.', '0978901543', 1, TRUE, NULL, NOW(), NOW()),
('USR-019', 'Mai Văn Yến', 'yen.mai@example.com', '$2a$10$sbTvmDx8AldPXzsJ76LGYuq4J4aiqEp7/s0XopFLkPDlP2dg.vUb.', '0989012654', 2, TRUE, NULL, NOW(), NOW()),
('USR-020', 'Nông Thị Zizi', 'zizi.nong@example.com', '$2a$10$sbTvmDx8AldPXzsJ76LGYuq4J4aiqEp7/s0XopFLkPDlP2dg.vUb.', '0990123765', 2, TRUE, NULL, NOW(), NOW());

INSERT INTO `Address`
(`id`, `user_id`, `province`, `ward`, `detail`, `phone`, `receive_name`)
VALUES
(1, 'USR-002', 'Ho Chi Minh City', 'District 1', '123 Nguyen Hue', '0912345678', 'Trần Thị Bình'),
(2, 'USR-002', 'Ho Chi Minh City', 'Thu Duc City', '45 Le Van Viet', NULL, NULL);

-- Catalog --------------------------------------------------------------------
INSERT INTO `Category` (`id`, `name`, `create_at`, `parent_id`) VALUES
(1, 'Smartphone', NOW(), NULL),
(2, 'Tablet', NOW(), NULL),
(3, 'Laptop', NOW(), NULL),
(4, 'Accessory', NOW(), NULL),
(5, 'Smart Home', NOW(), NULL);

INSERT INTO `Brand` (`id`, `name`, `description`, `image_url`, `category_id`) VALUES
(1, 'Apple', 'Premium devices from Apple', 'https://res.cloudinary.com/dazdwbzdw/image/upload/v1764421038/Apple-logo-iPhone_rgxoas.webp', 1),
(2, 'Samsung', 'Samsung Galaxy lineup', 'https://res.cloudinary.com/dazdwbzdw/image/upload/v1764421038/Apple-logo-iPhone_rgxoas.webp', 1),
(3, 'Xiaomi', 'Affordable innovation from Xiaomi', 'https://res.cloudinary.com/dazdwbzdw/image/upload/v1764421038/Apple-logo-iPhone_rgxoas.webp', 1),
(4, 'Lenovo', 'Performance laptops from Lenovo', 'https://res.cloudinary.com/dazdwbzdw/image/upload/v1764421038/Apple-logo-iPhone_rgxoas.webp', 3),
(5, 'Dell', 'Dell XPS craftsmanship', 'https://res.cloudinary.com/dazdwbzdw/image/upload/v1764421038/Apple-logo-iPhone_rgxoas.webp', 3),
(6, 'Asus', 'Gaming focus from Asus', 'https://res.cloudinary.com/dazdwbzdw/image/upload/v1764421038/Apple-logo-iPhone_rgxoas.webp', 3),
(7, 'Sony', 'Premium accessories from Sony', 'https://res.cloudinary.com/dazdwbzdw/image/upload/v1764421038/Apple-logo-iPhone_rgxoas.webp', 4),
(8, 'Anker', 'Portable power by Anker', 'https://res.cloudinary.com/dazdwbzdw/image/upload/v1764421038/Apple-logo-iPhone_rgxoas.webp', 4),
(9, 'Google', 'Smart home by Google', 'https://res.cloudinary.com/dazdwbzdw/image/upload/v1764421038/Apple-logo-iPhone_rgxoas.webp', 5),
(10, 'Amazon', 'Alexa ecosystem', 'https://res.cloudinary.com/dazdwbzdw/image/upload/v1764421038/Apple-logo-iPhone_rgxoas.webp', 5);

INSERT INTO `Series` (`id`, `brand_id`, `name`) VALUES
(1, 1, 'iPhone'),
(2, 2, 'Galaxy S'),
(3, 3, 'Redmi Note'),
(4, 4, 'Legion'),
(5, 5, 'XPS'),
(6, 6, 'ROG'),
(7, 7, 'Alpha'),
(8, 8, 'PowerCore'),
(9, 9, 'Nest'),
(10, 10, 'Echo');

INSERT INTO `Product`
(`id`, `name`, `description`, `quantity`, `brand_id`, `is_active`, `series_id`, `category_id`, `create_at`, `update_at`, `default_price`, `num_rate`, `rate`)
VALUES
(1, 'Apple iPhone 101', 'Sample smartphone from Apple iPhone line (#1).', 27, 1, TRUE, 1, 1, NOW(), NOW(), 24000000, 8, 3.6),
(2, 'Samsung Galaxy S 102', 'Sample smartphone from Samsung Galaxy S line (#2).', 34, 2, TRUE, 2, 1, NOW(), NOW(), 23000000, 11, 3.7),
(3, 'Xiaomi Redmi Note 103', 'Sample smartphone from Xiaomi Redmi Note line (#3).', 41, 3, TRUE, 3, 1, NOW(), NOW(), 17000000, 14, 3.8),
(4, 'Lenovo Legion 104', 'Sample laptop from Lenovo Legion line (#4).', 48, 4, TRUE, 4, 3, NOW(), NOW(), 21000000, 17, 3.9),
(5, 'Dell XPS 105', 'Sample laptop from Dell XPS line (#5).', 55, 5, TRUE, 5, 3, NOW(), NOW(), 24000000, 20, 4.0),
(6, 'Asus ROG 106', 'Sample laptop from Asus ROG line (#6).', 22, 6, TRUE, 6, 3, NOW(), NOW(), 19000000, 23, 4.1),
(7, 'Sony Alpha 107', 'Sample accessory from Sony Alpha line (#7).', 29, 7, TRUE, 7, 4, NOW(), NOW(), 7000000, 26, 4.2),
(8, 'Anker PowerCore 108', 'Sample accessory from Anker PowerCore line (#8).', 36, 8, TRUE, 8, 4, NOW(), NOW(), 4000000, 29, 4.3),
(9, 'Google Nest 109', 'Sample smart home from Google Nest line (#9).', 43, 9, TRUE, 9, 5, NOW(), NOW(), 11000000, 7, 4.4),
(10, 'Amazon Echo 110', 'Sample smart home from Amazon Echo line (#10).', 50, 10, TRUE, 10, 5, NOW(), NOW(), 9000000, 10, 4.5),
(11, 'Apple iPhone 111', 'Sample smartphone from Apple iPhone line (#11).', 57, 1, TRUE, 1, 1, NOW(), NOW(), 24000000, 13, 4.6),
(12, 'Samsung Galaxy S 112', 'Sample smartphone from Samsung Galaxy S line (#12).', 24, 2, TRUE, 2, 1, NOW(), NOW(), 23000000, 16, 4.7),
(13, 'Xiaomi Redmi Note 113', 'Sample smartphone from Xiaomi Redmi Note line (#13).', 31, 3, TRUE, 3, 1, NOW(), NOW(), 17000000, 19, 4.8),
(14, 'Lenovo Legion 114', 'Sample laptop from Lenovo Legion line (#14).', 38, 4, TRUE, 4, 3, NOW(), NOW(), 21000000, 22, 4.9),
(15, 'Dell XPS 115', 'Sample laptop from Dell XPS line (#15).', 45, 5, TRUE, 5, 3, NOW(), NOW(), 24000000, 25, 3.5),
(16, 'Asus ROG 116', 'Sample laptop from Asus ROG line (#16).', 52, 6, TRUE, 6, 3, NOW(), NOW(), 19000000, 28, 3.6),
(17, 'Sony Alpha 117', 'Sample accessory from Sony Alpha line (#17).', 59, 7, TRUE, 7, 4, NOW(), NOW(), 7000000, 6, 3.7),
(18, 'Anker PowerCore 118', 'Sample accessory from Anker PowerCore line (#18).', 26, 8, TRUE, 8, 4, NOW(), NOW(), 4000000, 9, 3.8),
(19, 'Google Nest 119', 'Sample smart home from Google Nest line (#19).', 33, 9, TRUE, 9, 5, NOW(), NOW(), 11000000, 12, 3.9),
(20, 'Amazon Echo 120', 'Sample smart home from Amazon Echo line (#20).', 40, 10, TRUE, 10, 5, NOW(), NOW(), 9000000, 15, 4.0),
(21, 'Apple iPhone 121', 'Sample smartphone from Apple iPhone line (#21).', 47, 1, TRUE, 1, 1, NOW(), NOW(), 24000000, 18, 4.1),
(22, 'Samsung Galaxy S 122', 'Sample smartphone from Samsung Galaxy S line (#22).', 54, 2, TRUE, 2, 1, NOW(), NOW(), 23000000, 21, 4.2),
(23, 'Xiaomi Redmi Note 123', 'Sample smartphone from Xiaomi Redmi Note line (#23).', 21, 3, TRUE, 3, 1, NOW(), NOW(), 17000000, 24, 4.3),
(24, 'Lenovo Legion 124', 'Sample laptop from Lenovo Legion line (#24).', 28, 4, TRUE, 4, 3, NOW(), NOW(), 21000000, 27, 4.4),
(25, 'Dell XPS 125', 'Sample laptop from Dell XPS line (#25).', 35, 5, TRUE, 5, 3, NOW(), NOW(), 24000000, 5, 4.5),
(26, 'Asus ROG 126', 'Sample laptop from Asus ROG line (#26).', 42, 6, TRUE, 6, 3, NOW(), NOW(), 19000000, 8, 4.6),
(27, 'Sony Alpha 127', 'Sample accessory from Sony Alpha line (#27).', 49, 7, TRUE, 7, 4, NOW(), NOW(), 7000000, 11, 4.7),
(28, 'Anker PowerCore 128', 'Sample accessory from Anker PowerCore line (#28).', 56, 8, TRUE, 8, 4, NOW(), NOW(), 4000000, 14, 4.8),
(29, 'Google Nest 129', 'Sample smart home from Google Nest line (#29).', 23, 9, TRUE, 9, 5, NOW(), NOW(), 11000000, 17, 4.9),
(30, 'Amazon Echo 130', 'Sample smart home from Amazon Echo line (#30).', 30, 10, TRUE, 10, 5, NOW(), NOW(), 9000000, 20, 3.5),
(31, 'Apple iPhone 131', 'Sample smartphone from Apple iPhone line (#31).', 37, 1, TRUE, 1, 1, NOW(), NOW(), 24000000, 23, 3.6),
(32, 'Samsung Galaxy S 132', 'Sample smartphone from Samsung Galaxy S line (#32).', 44, 2, TRUE, 2, 1, NOW(), NOW(), 23000000, 26, 3.7),
(33, 'Xiaomi Redmi Note 133', 'Sample smartphone from Xiaomi Redmi Note line (#33).', 51, 3, TRUE, 3, 1, NOW(), NOW(), 17000000, 29, 3.8),
(34, 'Lenovo Legion 134', 'Sample laptop from Lenovo Legion line (#34).', 58, 4, TRUE, 4, 3, NOW(), NOW(), 21000000, 7, 3.9),
(35, 'Dell XPS 135', 'Sample laptop from Dell XPS line (#35).', 25, 5, TRUE, 5, 3, NOW(), NOW(), 24000000, 10, 4.0),
(36, 'Asus ROG 136', 'Sample laptop from Asus ROG line (#36).', 32, 6, TRUE, 6, 3, NOW(), NOW(), 19000000, 13, 4.1),
(37, 'Sony Alpha 137', 'Sample accessory from Sony Alpha line (#37).', 39, 7, TRUE, 7, 4, NOW(), NOW(), 7000000, 16, 4.2),
(38, 'Anker PowerCore 138', 'Sample accessory from Anker PowerCore line (#38).', 46, 8, TRUE, 8, 4, NOW(), NOW(), 4000000, 19, 4.3),
(39, 'Google Nest 139', 'Sample smart home from Google Nest line (#39).', 53, 9, TRUE, 9, 5, NOW(), NOW(), 11000000, 22, 4.4),
(40, 'Amazon Echo 140', 'Sample smart home from Amazon Echo line (#40).', 20, 10, TRUE, 10, 5, NOW(), NOW(), 9000000, 25, 4.5),
(41, 'Apple iPhone 141', 'Sample smartphone from Apple iPhone line (#41).', 27, 1, TRUE, 1, 1, NOW(), NOW(), 24000000, 28, 4.6),
(42, 'Samsung Galaxy S 142', 'Sample smartphone from Samsung Galaxy S line (#42).', 34, 2, TRUE, 2, 1, NOW(), NOW(), 23000000, 6, 4.7),
(43, 'Xiaomi Redmi Note 143', 'Sample smartphone from Xiaomi Redmi Note line (#43).', 41, 3, TRUE, 3, 1, NOW(), NOW(), 17000000, 9, 4.8),
(44, 'Lenovo Legion 144', 'Sample laptop from Lenovo Legion line (#44).', 48, 4, TRUE, 4, 3, NOW(), NOW(), 21000000, 12, 4.9),
(45, 'Dell XPS 145', 'Sample laptop from Dell XPS line (#45).', 55, 5, TRUE, 5, 3, NOW(), NOW(), 24000000, 15, 3.5),
(46, 'Asus ROG 146', 'Sample laptop from Asus ROG line (#46).', 22, 6, TRUE, 6, 3, NOW(), NOW(), 19000000, 18, 3.6),
(47, 'Sony Alpha 147', 'Sample accessory from Sony Alpha line (#47).', 29, 7, TRUE, 7, 4, NOW(), NOW(), 7000000, 21, 3.7),
(48, 'Anker PowerCore 148', 'Sample accessory from Anker PowerCore line (#48).', 36, 8, TRUE, 8, 4, NOW(), NOW(), 4000000, 24, 3.8),
(49, 'Google Nest 149', 'Sample smart home from Google Nest line (#49).', 43, 9, TRUE, 9, 5, NOW(), NOW(), 11000000, 27, 3.9),
(50, 'Amazon Echo 150', 'Sample smart home from Amazon Echo line (#50).', 50, 10, TRUE, 10, 5, NOW(), NOW(), 9000000, 5, 4.0),
(51, 'Apple iPhone 151', 'Sample smartphone from Apple iPhone line (#51).', 57, 1, TRUE, 1, 1, NOW(), NOW(), 24000000, 8, 4.1),
(52, 'Samsung Galaxy S 152', 'Sample smartphone from Samsung Galaxy S line (#52).', 24, 2, TRUE, 2, 1, NOW(), NOW(), 23000000, 11, 4.2),
(53, 'Xiaomi Redmi Note 153', 'Sample smartphone from Xiaomi Redmi Note line (#53).', 31, 3, TRUE, 3, 1, NOW(), NOW(), 17000000, 14, 4.3),
(54, 'Lenovo Legion 154', 'Sample laptop from Lenovo Legion line (#54).', 38, 4, TRUE, 4, 3, NOW(), NOW(), 21000000, 17, 4.4),
(55, 'Dell XPS 155', 'Sample laptop from Dell XPS line (#55).', 45, 5, TRUE, 5, 3, NOW(), NOW(), 24000000, 20, 4.5),
(56, 'Asus ROG 156', 'Sample laptop from Asus ROG line (#56).', 52, 6, TRUE, 6, 3, NOW(), NOW(), 19000000, 23, 4.6),
(57, 'Sony Alpha 157', 'Sample accessory from Sony Alpha line (#57).', 59, 7, TRUE, 7, 4, NOW(), NOW(), 7000000, 26, 4.7),
(58, 'Anker PowerCore 158', 'Sample accessory from Anker PowerCore line (#58).', 26, 8, TRUE, 8, 4, NOW(), NOW(), 4000000, 29, 4.8),
(59, 'Google Nest 159', 'Sample smart home from Google Nest line (#59).', 33, 9, TRUE, 9, 5, NOW(), NOW(), 11000000, 7, 4.9),
(60, 'Amazon Echo 160', 'Sample smart home from Amazon Echo line (#60).', 40, 10, TRUE, 10, 5, NOW(), NOW(), 9000000, 10, 3.5),
(61, 'Apple iPhone 161', 'Sample smartphone from Apple iPhone line (#61).', 47, 1, TRUE, 1, 1, NOW(), NOW(), 24000000, 13, 3.6),
(62, 'Samsung Galaxy S 162', 'Sample smartphone from Samsung Galaxy S line (#62).', 54, 2, TRUE, 2, 1, NOW(), NOW(), 23000000, 16, 3.7),
(63, 'Xiaomi Redmi Note 163', 'Sample smartphone from Xiaomi Redmi Note line (#63).', 21, 3, TRUE, 3, 1, NOW(), NOW(), 17000000, 19, 3.8),
(64, 'Lenovo Legion 164', 'Sample laptop from Lenovo Legion line (#64).', 28, 4, TRUE, 4, 3, NOW(), NOW(), 21000000, 22, 3.9),
(65, 'Dell XPS 165', 'Sample laptop from Dell XPS line (#65).', 35, 5, TRUE, 5, 3, NOW(), NOW(), 24000000, 25, 4.0),
(66, 'Asus ROG 166', 'Sample laptop from Asus ROG line (#66).', 42, 6, TRUE, 6, 3, NOW(), NOW(), 19000000, 28, 4.1),
(67, 'Sony Alpha 167', 'Sample accessory from Sony Alpha line (#67).', 49, 7, TRUE, 7, 4, NOW(), NOW(), 7000000, 6, 4.2),
(68, 'Anker PowerCore 168', 'Sample accessory from Anker PowerCore line (#68).', 56, 8, TRUE, 8, 4, NOW(), NOW(), 4000000, 9, 4.3),
(69, 'Google Nest 169', 'Sample smart home from Google Nest line (#69).', 23, 9, TRUE, 9, 5, NOW(), NOW(), 11000000, 12, 4.4),
(70, 'Amazon Echo 170', 'Sample smart home from Amazon Echo line (#70).', 30, 10, TRUE, 10, 5, NOW(), NOW(), 9000000, 15, 4.5),
(71, 'Apple iPhone 171', 'Sample smartphone from Apple iPhone line (#71).', 37, 1, TRUE, 1, 1, NOW(), NOW(), 24000000, 18, 4.6),
(72, 'Samsung Galaxy S 172', 'Sample smartphone from Samsung Galaxy S line (#72).', 44, 2, TRUE, 2, 1, NOW(), NOW(), 23000000, 21, 4.7),
(73, 'Xiaomi Redmi Note 173', 'Sample smartphone from Xiaomi Redmi Note line (#73).', 51, 3, TRUE, 3, 1, NOW(), NOW(), 17000000, 24, 4.8),
(74, 'Lenovo Legion 174', 'Sample laptop from Lenovo Legion line (#74).', 58, 4, TRUE, 4, 3, NOW(), NOW(), 21000000, 27, 4.9),
(75, 'Dell XPS 175', 'Sample laptop from Dell XPS line (#75).', 25, 5, TRUE, 5, 3, NOW(), NOW(), 24000000, 5, 3.5),
(76, 'Asus ROG 176', 'Sample laptop from Asus ROG line (#76).', 32, 6, TRUE, 6, 3, NOW(), NOW(), 19000000, 8, 3.6),
(77, 'Sony Alpha 177', 'Sample accessory from Sony Alpha line (#77).', 39, 7, TRUE, 7, 4, NOW(), NOW(), 7000000, 11, 3.7),
(78, 'Anker PowerCore 178', 'Sample accessory from Anker PowerCore line (#78).', 46, 8, TRUE, 8, 4, NOW(), NOW(), 4000000, 14, 3.8),
(79, 'Google Nest 179', 'Sample smart home from Google Nest line (#79).', 53, 9, TRUE, 9, 5, NOW(), NOW(), 11000000, 17, 3.9),
(80, 'Amazon Echo 180', 'Sample smart home from Amazon Echo line (#80).', 20, 10, TRUE, 10, 5, NOW(), NOW(), 9000000, 20, 4.0),
(81, 'Apple iPhone 181', 'Sample smartphone from Apple iPhone line (#81).', 27, 1, TRUE, 1, 1, NOW(), NOW(), 24000000, 23, 4.1),
(82, 'Samsung Galaxy S 182', 'Sample smartphone from Samsung Galaxy S line (#82).', 34, 2, TRUE, 2, 1, NOW(), NOW(), 23000000, 26, 4.2),
(83, 'Xiaomi Redmi Note 183', 'Sample smartphone from Xiaomi Redmi Note line (#83).', 41, 3, TRUE, 3, 1, NOW(), NOW(), 17000000, 29, 4.3),
(84, 'Lenovo Legion 184', 'Sample laptop from Lenovo Legion line (#84).', 48, 4, TRUE, 4, 3, NOW(), NOW(), 21000000, 7, 4.4),
(85, 'Dell XPS 185', 'Sample laptop from Dell XPS line (#85).', 55, 5, TRUE, 5, 3, NOW(), NOW(), 24000000, 10, 4.5),
(86, 'Asus ROG 186', 'Sample laptop from Asus ROG line (#86).', 22, 6, TRUE, 6, 3, NOW(), NOW(), 19000000, 13, 4.6),
(87, 'Sony Alpha 187', 'Sample accessory from Sony Alpha line (#87).', 29, 7, TRUE, 7, 4, NOW(), NOW(), 7000000, 16, 4.7),
(88, 'Anker PowerCore 188', 'Sample accessory from Anker PowerCore line (#88).', 36, 8, TRUE, 8, 4, NOW(), NOW(), 4000000, 19, 4.8),
(89, 'Google Nest 189', 'Sample smart home from Google Nest line (#89).', 43, 9, TRUE, 9, 5, NOW(), NOW(), 11000000, 22, 4.9),
(90, 'Amazon Echo 190', 'Sample smart home from Amazon Echo line (#90).', 50, 10, TRUE, 10, 5, NOW(), NOW(), 9000000, 25, 3.5),
(91, 'Apple iPhone 191', 'Sample smartphone from Apple iPhone line (#91).', 57, 1, TRUE, 1, 1, NOW(), NOW(), 24000000, 28, 3.6),
(92, 'Samsung Galaxy S 192', 'Sample smartphone from Samsung Galaxy S line (#92).', 24, 2, TRUE, 2, 1, NOW(), NOW(), 23000000, 6, 3.7),
(93, 'Xiaomi Redmi Note 193', 'Sample smartphone from Xiaomi Redmi Note line (#93).', 31, 3, TRUE, 3, 1, NOW(), NOW(), 17000000, 9, 3.8),
(94, 'Lenovo Legion 194', 'Sample laptop from Lenovo Legion line (#94).', 38, 4, TRUE, 4, 3, NOW(), NOW(), 21000000, 12, 3.9),
(95, 'Dell XPS 195', 'Sample laptop from Dell XPS line (#95).', 45, 5, TRUE, 5, 3, NOW(), NOW(), 24000000, 15, 4.0),
(96, 'Asus ROG 196', 'Sample laptop from Asus ROG line (#96).', 52, 6, TRUE, 6, 3, NOW(), NOW(), 19000000, 18, 4.1),
(97, 'Sony Alpha 197', 'Sample accessory from Sony Alpha line (#97).', 59, 7, TRUE, 7, 4, NOW(), NOW(), 7000000, 21, 4.2),
(98, 'Anker PowerCore 198', 'Sample accessory from Anker PowerCore line (#98).', 26, 8, TRUE, 8, 4, NOW(), NOW(), 4000000, 24, 4.3),
(99, 'Google Nest 199', 'Sample smart home from Google Nest line (#99).', 33, 9, TRUE, 9, 5, NOW(), NOW(), 11000000, 27, 4.4),
(100, 'Amazon Echo 200', 'Sample smart home from Amazon Echo line (#100).', 40, 10, TRUE, 10, 5, NOW(), NOW(), 9000000, 5, 4.5);

INSERT INTO `ProductVariant`
(`id`, `product_id`, `color`, `storage`, `import_price`, `price`, `quantity`, `create_at`)
VALUES
(1, 1, 'Midnight Black', '128GB', 22500000, 24000000, 22, NOW()),
(2, 1, 'Arctic Silver', '256GB', 23500000, 25500000, 25, NOW()),
(1, 2, 'Midnight Black', '128GB', 21500000, 23000000, 29, NOW()),
(2, 2, 'Arctic Silver', '256GB', 22500000, 24500000, 32, NOW()),
(1, 3, 'Midnight Black', '128GB', 15500000, 17000000, 36, NOW()),
(2, 3, 'Arctic Silver', '256GB', 16500000, 18500000, 39, NOW()),
(1, 4, 'Midnight Black', '128GB', 19500000, 21000000, 43, NOW()),
(2, 4, 'Arctic Silver', '256GB', 20500000, 22500000, 46, NOW()),
(1, 5, 'Midnight Black', '128GB', 22500000, 24000000, 50, NOW()),
(2, 5, 'Arctic Silver', '256GB', 23500000, 25500000, 53, NOW()),
(1, 6, 'Midnight Black', '128GB', 17500000, 19000000, 17, NOW()),
(2, 6, 'Arctic Silver', '256GB', 18500000, 20500000, 20, NOW()),
(1, 7, 'Midnight Black', '128GB', 5500000, 7000000, 24, NOW()),
(2, 7, 'Arctic Silver', '256GB', 6500000, 8500000, 27, NOW()),
(1, 8, 'Midnight Black', '128GB', 2500000, 4000000, 31, NOW()),
(2, 8, 'Arctic Silver', '256GB', 3500000, 5500000, 34, NOW()),
(1, 9, 'Midnight Black', '128GB', 9500000, 11000000, 38, NOW()),
(2, 9, 'Arctic Silver', '256GB', 10500000, 12500000, 41, NOW()),
(1, 10, 'Midnight Black', '128GB', 7500000, 9000000, 45, NOW()),
(2, 10, 'Arctic Silver', '256GB', 8500000, 10500000, 48, NOW()),
(1, 11, 'Midnight Black', '128GB', 22500000, 24000000, 52, NOW()),
(2, 11, 'Arctic Silver', '256GB', 23500000, 25500000, 55, NOW()),
(1, 12, 'Midnight Black', '128GB', 21500000, 23000000, 19, NOW()),
(2, 12, 'Arctic Silver', '256GB', 22500000, 24500000, 22, NOW()),
(1, 13, 'Midnight Black', '128GB', 15500000, 17000000, 26, NOW()),
(2, 13, 'Arctic Silver', '256GB', 16500000, 18500000, 29, NOW()),
(1, 14, 'Midnight Black', '128GB', 19500000, 21000000, 33, NOW()),
(2, 14, 'Arctic Silver', '256GB', 20500000, 22500000, 36, NOW()),
(1, 15, 'Midnight Black', '128GB', 22500000, 24000000, 40, NOW()),
(2, 15, 'Arctic Silver', '256GB', 23500000, 25500000, 43, NOW()),
(1, 16, 'Midnight Black', '128GB', 17500000, 19000000, 47, NOW()),
(2, 16, 'Arctic Silver', '256GB', 18500000, 20500000, 50, NOW()),
(1, 17, 'Midnight Black', '128GB', 5500000, 7000000, 54, NOW()),
(2, 17, 'Arctic Silver', '256GB', 6500000, 8500000, 57, NOW()),
(1, 18, 'Midnight Black', '128GB', 2500000, 4000000, 21, NOW()),
(2, 18, 'Arctic Silver', '256GB', 3500000, 5500000, 24, NOW()),
(1, 19, 'Midnight Black', '128GB', 9500000, 11000000, 28, NOW()),
(2, 19, 'Arctic Silver', '256GB', 10500000, 12500000, 31, NOW()),
(1, 20, 'Midnight Black', '128GB', 7500000, 9000000, 35, NOW()),
(2, 20, 'Arctic Silver', '256GB', 8500000, 10500000, 38, NOW()),
(1, 21, 'Midnight Black', '128GB', 22500000, 24000000, 42, NOW()),
(2, 21, 'Arctic Silver', '256GB', 23500000, 25500000, 45, NOW()),
(1, 22, 'Midnight Black', '128GB', 21500000, 23000000, 49, NOW()),
(2, 22, 'Arctic Silver', '256GB', 22500000, 24500000, 52, NOW()),
(1, 23, 'Midnight Black', '128GB', 15500000, 17000000, 16, NOW()),
(2, 23, 'Arctic Silver', '256GB', 16500000, 18500000, 19, NOW()),
(1, 24, 'Midnight Black', '128GB', 19500000, 21000000, 23, NOW()),
(2, 24, 'Arctic Silver', '256GB', 20500000, 22500000, 26, NOW()),
(1, 25, 'Midnight Black', '128GB', 22500000, 24000000, 30, NOW()),
(2, 25, 'Arctic Silver', '256GB', 23500000, 25500000, 33, NOW()),
(1, 26, 'Midnight Black', '128GB', 17500000, 19000000, 37, NOW()),
(2, 26, 'Arctic Silver', '256GB', 18500000, 20500000, 40, NOW()),
(1, 27, 'Midnight Black', '128GB', 5500000, 7000000, 44, NOW()),
(2, 27, 'Arctic Silver', '256GB', 6500000, 8500000, 47, NOW()),
(1, 28, 'Midnight Black', '128GB', 2500000, 4000000, 51, NOW()),
(2, 28, 'Arctic Silver', '256GB', 3500000, 5500000, 54, NOW()),
(1, 29, 'Midnight Black', '128GB', 9500000, 11000000, 18, NOW()),
(2, 29, 'Arctic Silver', '256GB', 10500000, 12500000, 21, NOW()),
(1, 30, 'Midnight Black', '128GB', 7500000, 9000000, 25, NOW()),
(2, 30, 'Arctic Silver', '256GB', 8500000, 10500000, 28, NOW()),
(1, 31, 'Midnight Black', '128GB', 22500000, 24000000, 32, NOW()),
(2, 31, 'Arctic Silver', '256GB', 23500000, 25500000, 35, NOW()),
(1, 32, 'Midnight Black', '128GB', 21500000, 23000000, 39, NOW()),
(2, 32, 'Arctic Silver', '256GB', 22500000, 24500000, 42, NOW()),
(1, 33, 'Midnight Black', '128GB', 15500000, 17000000, 46, NOW()),
(2, 33, 'Arctic Silver', '256GB', 16500000, 18500000, 49, NOW()),
(1, 34, 'Midnight Black', '128GB', 19500000, 21000000, 53, NOW()),
(2, 34, 'Arctic Silver', '256GB', 20500000, 22500000, 56, NOW()),
(1, 35, 'Midnight Black', '128GB', 22500000, 24000000, 20, NOW()),
(2, 35, 'Arctic Silver', '256GB', 23500000, 25500000, 23, NOW()),
(1, 36, 'Midnight Black', '128GB', 17500000, 19000000, 27, NOW()),
(2, 36, 'Arctic Silver', '256GB', 18500000, 20500000, 30, NOW()),
(1, 37, 'Midnight Black', '128GB', 5500000, 7000000, 34, NOW()),
(2, 37, 'Arctic Silver', '256GB', 6500000, 8500000, 37, NOW()),
(1, 38, 'Midnight Black', '128GB', 2500000, 4000000, 41, NOW()),
(2, 38, 'Arctic Silver', '256GB', 3500000, 5500000, 44, NOW()),
(1, 39, 'Midnight Black', '128GB', 9500000, 11000000, 48, NOW()),
(2, 39, 'Arctic Silver', '256GB', 10500000, 12500000, 51, NOW()),
(1, 40, 'Midnight Black', '128GB', 7500000, 9000000, 15, NOW()),
(2, 40, 'Arctic Silver', '256GB', 8500000, 10500000, 18, NOW()),
(1, 41, 'Midnight Black', '128GB', 22500000, 24000000, 22, NOW()),
(2, 41, 'Arctic Silver', '256GB', 23500000, 25500000, 25, NOW()),
(1, 42, 'Midnight Black', '128GB', 21500000, 23000000, 29, NOW()),
(2, 42, 'Arctic Silver', '256GB', 22500000, 24500000, 32, NOW()),
(1, 43, 'Midnight Black', '128GB', 15500000, 17000000, 36, NOW()),
(2, 43, 'Arctic Silver', '256GB', 16500000, 18500000, 39, NOW()),
(1, 44, 'Midnight Black', '128GB', 19500000, 21000000, 43, NOW()),
(2, 44, 'Arctic Silver', '256GB', 20500000, 22500000, 46, NOW()),
(1, 45, 'Midnight Black', '128GB', 22500000, 24000000, 50, NOW()),
(2, 45, 'Arctic Silver', '256GB', 23500000, 25500000, 53, NOW()),
(1, 46, 'Midnight Black', '128GB', 17500000, 19000000, 17, NOW()),
(2, 46, 'Arctic Silver', '256GB', 18500000, 20500000, 20, NOW()),
(1, 47, 'Midnight Black', '128GB', 5500000, 7000000, 24, NOW()),
(2, 47, 'Arctic Silver', '256GB', 6500000, 8500000, 27, NOW()),
(1, 48, 'Midnight Black', '128GB', 2500000, 4000000, 31, NOW()),
(2, 48, 'Arctic Silver', '256GB', 3500000, 5500000, 34, NOW()),
(1, 49, 'Midnight Black', '128GB', 9500000, 11000000, 38, NOW()),
(2, 49, 'Arctic Silver', '256GB', 10500000, 12500000, 41, NOW()),
(1, 50, 'Midnight Black', '128GB', 7500000, 9000000, 45, NOW()),
(2, 50, 'Arctic Silver', '256GB', 8500000, 10500000, 48, NOW()),
(1, 51, 'Midnight Black', '128GB', 22500000, 24000000, 52, NOW()),
(2, 51, 'Arctic Silver', '256GB', 23500000, 25500000, 55, NOW()),
(1, 52, 'Midnight Black', '128GB', 21500000, 23000000, 19, NOW()),
(2, 52, 'Arctic Silver', '256GB', 22500000, 24500000, 22, NOW()),
(1, 53, 'Midnight Black', '128GB', 15500000, 17000000, 26, NOW()),
(2, 53, 'Arctic Silver', '256GB', 16500000, 18500000, 29, NOW()),
(1, 54, 'Midnight Black', '128GB', 19500000, 21000000, 33, NOW()),
(2, 54, 'Arctic Silver', '256GB', 20500000, 22500000, 36, NOW()),
(1, 55, 'Midnight Black', '128GB', 22500000, 24000000, 40, NOW()),
(2, 55, 'Arctic Silver', '256GB', 23500000, 25500000, 43, NOW()),
(1, 56, 'Midnight Black', '128GB', 17500000, 19000000, 47, NOW()),
(2, 56, 'Arctic Silver', '256GB', 18500000, 20500000, 50, NOW()),
(1, 57, 'Midnight Black', '128GB', 5500000, 7000000, 54, NOW()),
(2, 57, 'Arctic Silver', '256GB', 6500000, 8500000, 57, NOW()),
(1, 58, 'Midnight Black', '128GB', 2500000, 4000000, 21, NOW()),
(2, 58, 'Arctic Silver', '256GB', 3500000, 5500000, 24, NOW()),
(1, 59, 'Midnight Black', '128GB', 9500000, 11000000, 28, NOW()),
(2, 59, 'Arctic Silver', '256GB', 10500000, 12500000, 31, NOW()),
(1, 60, 'Midnight Black', '128GB', 7500000, 9000000, 35, NOW()),
(2, 60, 'Arctic Silver', '256GB', 8500000, 10500000, 38, NOW()),
(1, 61, 'Midnight Black', '128GB', 22500000, 24000000, 42, NOW()),
(2, 61, 'Arctic Silver', '256GB', 23500000, 25500000, 45, NOW()),
(1, 62, 'Midnight Black', '128GB', 21500000, 23000000, 49, NOW()),
(2, 62, 'Arctic Silver', '256GB', 22500000, 24500000, 52, NOW()),
(1, 63, 'Midnight Black', '128GB', 15500000, 17000000, 16, NOW()),
(2, 63, 'Arctic Silver', '256GB', 16500000, 18500000, 19, NOW()),
(1, 64, 'Midnight Black', '128GB', 19500000, 21000000, 23, NOW()),
(2, 64, 'Arctic Silver', '256GB', 20500000, 22500000, 26, NOW()),
(1, 65, 'Midnight Black', '128GB', 22500000, 24000000, 30, NOW()),
(2, 65, 'Arctic Silver', '256GB', 23500000, 25500000, 33, NOW()),
(1, 66, 'Midnight Black', '128GB', 17500000, 19000000, 37, NOW()),
(2, 66, 'Arctic Silver', '256GB', 18500000, 20500000, 40, NOW()),
(1, 67, 'Midnight Black', '128GB', 5500000, 7000000, 44, NOW()),
(2, 67, 'Arctic Silver', '256GB', 6500000, 8500000, 47, NOW()),
(1, 68, 'Midnight Black', '128GB', 2500000, 4000000, 51, NOW()),
(2, 68, 'Arctic Silver', '256GB', 3500000, 5500000, 54, NOW()),
(1, 69, 'Midnight Black', '128GB', 9500000, 11000000, 18, NOW()),
(2, 69, 'Arctic Silver', '256GB', 10500000, 12500000, 21, NOW()),
(1, 70, 'Midnight Black', '128GB', 7500000, 9000000, 25, NOW()),
(2, 70, 'Arctic Silver', '256GB', 8500000, 10500000, 28, NOW()),
(1, 71, 'Midnight Black', '128GB', 22500000, 24000000, 32, NOW()),
(2, 71, 'Arctic Silver', '256GB', 23500000, 25500000, 35, NOW()),
(1, 72, 'Midnight Black', '128GB', 21500000, 23000000, 39, NOW()),
(2, 72, 'Arctic Silver', '256GB', 22500000, 24500000, 42, NOW()),
(1, 73, 'Midnight Black', '128GB', 15500000, 17000000, 46, NOW()),
(2, 73, 'Arctic Silver', '256GB', 16500000, 18500000, 49, NOW()),
(1, 74, 'Midnight Black', '128GB', 19500000, 21000000, 53, NOW()),
(2, 74, 'Arctic Silver', '256GB', 20500000, 22500000, 56, NOW()),
(1, 75, 'Midnight Black', '128GB', 22500000, 24000000, 20, NOW()),
(2, 75, 'Arctic Silver', '256GB', 23500000, 25500000, 23, NOW()),
(1, 76, 'Midnight Black', '128GB', 17500000, 19000000, 27, NOW()),
(2, 76, 'Arctic Silver', '256GB', 18500000, 20500000, 30, NOW()),
(1, 77, 'Midnight Black', '128GB', 5500000, 7000000, 34, NOW()),
(2, 77, 'Arctic Silver', '256GB', 6500000, 8500000, 37, NOW()),
(1, 78, 'Midnight Black', '128GB', 2500000, 4000000, 41, NOW()),
(2, 78, 'Arctic Silver', '256GB', 3500000, 5500000, 44, NOW()),
(1, 79, 'Midnight Black', '128GB', 9500000, 11000000, 48, NOW()),
(2, 79, 'Arctic Silver', '256GB', 10500000, 12500000, 51, NOW()),
(1, 80, 'Midnight Black', '128GB', 7500000, 9000000, 15, NOW()),
(2, 80, 'Arctic Silver', '256GB', 8500000, 10500000, 18, NOW()),
(1, 81, 'Midnight Black', '128GB', 22500000, 24000000, 22, NOW()),
(2, 81, 'Arctic Silver', '256GB', 23500000, 25500000, 25, NOW()),
(1, 82, 'Midnight Black', '128GB', 21500000, 23000000, 29, NOW()),
(2, 82, 'Arctic Silver', '256GB', 22500000, 24500000, 32, NOW()),
(1, 83, 'Midnight Black', '128GB', 15500000, 17000000, 36, NOW()),
(2, 83, 'Arctic Silver', '256GB', 16500000, 18500000, 39, NOW()),
(1, 84, 'Midnight Black', '128GB', 19500000, 21000000, 43, NOW()),
(2, 84, 'Arctic Silver', '256GB', 20500000, 22500000, 46, NOW()),
(1, 85, 'Midnight Black', '128GB', 22500000, 24000000, 50, NOW()),
(2, 85, 'Arctic Silver', '256GB', 23500000, 25500000, 53, NOW()),
(1, 86, 'Midnight Black', '128GB', 17500000, 19000000, 17, NOW()),
(2, 86, 'Arctic Silver', '256GB', 18500000, 20500000, 20, NOW()),
(1, 87, 'Midnight Black', '128GB', 5500000, 7000000, 24, NOW()),
(2, 87, 'Arctic Silver', '256GB', 6500000, 8500000, 27, NOW()),
(1, 88, 'Midnight Black', '128GB', 2500000, 4000000, 31, NOW()),
(2, 88, 'Arctic Silver', '256GB', 3500000, 5500000, 34, NOW()),
(1, 89, 'Midnight Black', '128GB', 9500000, 11000000, 38, NOW()),
(2, 89, 'Arctic Silver', '256GB', 10500000, 12500000, 41, NOW()),
(1, 90, 'Midnight Black', '128GB', 7500000, 9000000, 45, NOW()),
(2, 90, 'Arctic Silver', '256GB', 8500000, 10500000, 48, NOW()),
(1, 91, 'Midnight Black', '128GB', 22500000, 24000000, 52, NOW()),
(2, 91, 'Arctic Silver', '256GB', 23500000, 25500000, 55, NOW()),
(1, 92, 'Midnight Black', '128GB', 21500000, 23000000, 19, NOW()),
(2, 92, 'Arctic Silver', '256GB', 22500000, 24500000, 22, NOW()),
(1, 93, 'Midnight Black', '128GB', 15500000, 17000000, 26, NOW()),
(2, 93, 'Arctic Silver', '256GB', 16500000, 18500000, 29, NOW()),
(1, 94, 'Midnight Black', '128GB', 19500000, 21000000, 33, NOW()),
(2, 94, 'Arctic Silver', '256GB', 20500000, 22500000, 36, NOW()),
(1, 95, 'Midnight Black', '128GB', 22500000, 24000000, 40, NOW()),
(2, 95, 'Arctic Silver', '256GB', 23500000, 25500000, 43, NOW()),
(1, 96, 'Midnight Black', '128GB', 17500000, 19000000, 47, NOW()),
(2, 96, 'Arctic Silver', '256GB', 18500000, 20500000, 50, NOW()),
(1, 97, 'Midnight Black', '128GB', 5500000, 7000000, 54, NOW()),
(2, 97, 'Arctic Silver', '256GB', 6500000, 8500000, 57, NOW()),
(1, 98, 'Midnight Black', '128GB', 2500000, 4000000, 21, NOW()),
(2, 98, 'Arctic Silver', '256GB', 3500000, 5500000, 24, NOW()),
(1, 99, 'Midnight Black', '128GB', 9500000, 11000000, 28, NOW()),
(2, 99, 'Arctic Silver', '256GB', 10500000, 12500000, 31, NOW()),
(1, 100, 'Midnight Black', '128GB', 7500000, 9000000, 35, NOW()),
(2, 100, 'Arctic Silver', '256GB', 8500000, 10500000, 38, NOW());

INSERT INTO `ProductImage`
(`id`, `product_id`, `image_url`, `image_public_id`, `is_thumbnail`)
VALUES
(1, 1, 'https://res.cloudinary.com/dazdwbzdw/image/upload/v1764415276/iphone_16_pro_max_desert_titan_3552a28ae0_prbta8.webp', 'prod-1-front', TRUE),
(2, 1, 'https://res.cloudinary.com/dazdwbzdw/image/upload/v1764415276/iphone_16_pro_max_desert_titan_3552a28ae0_prbta8.webp', 'prod-1-back', FALSE),
(1, 2, 'https://res.cloudinary.com/dazdwbzdw/image/upload/v1764415276/iphone_16_pro_max_desert_titan_3552a28ae0_prbta8.webp', 'prod-2-front', TRUE),
(2, 2, 'https://res.cloudinary.com/dazdwbzdw/image/upload/v1764415276/iphone_16_pro_max_desert_titan_3552a28ae0_prbta8.webp', 'prod-2-back', FALSE),
(1, 3, 'https://res.cloudinary.com/dazdwbzdw/image/upload/v1764415276/iphone_16_pro_max_desert_titan_3552a28ae0_prbta8.webp', 'prod-3-front', TRUE),
(2, 3, 'https://res.cloudinary.com/dazdwbzdw/image/upload/v1764415276/iphone_16_pro_max_desert_titan_3552a28ae0_prbta8.webp', 'prod-3-back', FALSE),
(1, 4, 'https://res.cloudinary.com/dazdwbzdw/image/upload/v1764415276/iphone_16_pro_max_desert_titan_3552a28ae0_prbta8.webp', 'prod-4-front', TRUE),
(2, 4, 'https://res.cloudinary.com/dazdwbzdw/image/upload/v1764415276/iphone_16_pro_max_desert_titan_3552a28ae0_prbta8.webp', 'prod-4-back', FALSE),
(1, 5, 'https://res.cloudinary.com/dazdwbzdw/image/upload/v1764415276/iphone_16_pro_max_desert_titan_3552a28ae0_prbta8.webp', 'prod-5-front', TRUE),
(2, 5, 'https://res.cloudinary.com/dazdwbzdw/image/upload/v1764415276/iphone_16_pro_max_desert_titan_3552a28ae0_prbta8.webp', 'prod-5-back', FALSE),
(1, 6, 'https://res.cloudinary.com/dazdwbzdw/image/upload/v1764415276/iphone_16_pro_max_desert_titan_3552a28ae0_prbta8.webp', 'prod-6-front', TRUE),
(2, 6, 'https://res.cloudinary.com/dazdwbzdw/image/upload/v1764415276/iphone_16_pro_max_desert_titan_3552a28ae0_prbta8.webp', 'prod-6-back', FALSE),
(1, 7, 'https://res.cloudinary.com/dazdwbzdw/image/upload/v1764415276/iphone_16_pro_max_desert_titan_3552a28ae0_prbta8.webp', 'prod-7-front', TRUE),
(2, 7, 'https://res.cloudinary.com/dazdwbzdw/image/upload/v1764415276/iphone_16_pro_max_desert_titan_3552a28ae0_prbta8.webp', 'prod-7-back', FALSE),
(1, 8, 'https://res.cloudinary.com/dazdwbzdw/image/upload/v1764415276/iphone_16_pro_max_desert_titan_3552a28ae0_prbta8.webp', 'prod-8-front', TRUE),
(2, 8, 'https://res.cloudinary.com/dazdwbzdw/image/upload/v1764415276/iphone_16_pro_max_desert_titan_3552a28ae0_prbta8.webp', 'prod-8-back', FALSE),
(1, 9, 'https://res.cloudinary.com/dazdwbzdw/image/upload/v1764415276/iphone_16_pro_max_desert_titan_3552a28ae0_prbta8.webp', 'prod-9-front', TRUE),
(2, 9, 'https://res.cloudinary.com/dazdwbzdw/image/upload/v1764415276/iphone_16_pro_max_desert_titan_3552a28ae0_prbta8.webp', 'prod-9-back', FALSE),
(1, 10, 'https://res.cloudinary.com/dazdwbzdw/image/upload/v1764415276/iphone_16_pro_max_desert_titan_3552a28ae0_prbta8.webp', 'prod-10-front', TRUE),
(2, 10, 'https://res.cloudinary.com/dazdwbzdw/image/upload/v1764415276/iphone_16_pro_max_desert_titan_3552a28ae0_prbta8.webp', 'prod-10-back', FALSE),
(1, 11, 'https://res.cloudinary.com/dazdwbzdw/image/upload/v1764415276/iphone_16_pro_max_desert_titan_3552a28ae0_prbta8.webp', 'prod-11-front', TRUE),
(2, 11, 'https://res.cloudinary.com/dazdwbzdw/image/upload/v1764415276/iphone_16_pro_max_desert_titan_3552a28ae0_prbta8.webp', 'prod-11-back', FALSE),
(1, 12, 'https://res.cloudinary.com/dazdwbzdw/image/upload/v1764415276/iphone_16_pro_max_desert_titan_3552a28ae0_prbta8.webp', 'prod-12-front', TRUE),
(2, 12, 'https://res.cloudinary.com/dazdwbzdw/image/upload/v1764415276/iphone_16_pro_max_desert_titan_3552a28ae0_prbta8.webp', 'prod-12-back', FALSE),
(1, 13, 'https://res.cloudinary.com/dazdwbzdw/image/upload/v1764415276/iphone_16_pro_max_desert_titan_3552a28ae0_prbta8.webp', 'prod-13-front', TRUE),
(2, 13, 'https://res.cloudinary.com/dazdwbzdw/image/upload/v1764415276/iphone_16_pro_max_desert_titan_3552a28ae0_prbta8.webp', 'prod-13-back', FALSE),
(1, 14, 'https://res.cloudinary.com/dazdwbzdw/image/upload/v1764415276/iphone_16_pro_max_desert_titan_3552a28ae0_prbta8.webp', 'prod-14-front', TRUE),
(2, 14, 'https://res.cloudinary.com/dazdwbzdw/image/upload/v1764415276/iphone_16_pro_max_desert_titan_3552a28ae0_prbta8.webp', 'prod-14-back', FALSE),
(1, 15, 'https://res.cloudinary.com/dazdwbzdw/image/upload/v1764415276/iphone_16_pro_max_desert_titan_3552a28ae0_prbta8.webp', 'prod-15-front', TRUE),
(2, 15, 'https://res.cloudinary.com/dazdwbzdw/image/upload/v1764415276/iphone_16_pro_max_desert_titan_3552a28ae0_prbta8.webp', 'prod-15-back', FALSE),
(1, 16, 'https://res.cloudinary.com/dazdwbzdw/image/upload/v1764415276/iphone_16_pro_max_desert_titan_3552a28ae0_prbta8.webp', 'prod-16-front', TRUE),
(2, 16, 'https://res.cloudinary.com/dazdwbzdw/image/upload/v1764415276/iphone_16_pro_max_desert_titan_3552a28ae0_prbta8.webp', 'prod-16-back', FALSE),
(1, 17, 'https://res.cloudinary.com/dazdwbzdw/image/upload/v1764415276/iphone_16_pro_max_desert_titan_3552a28ae0_prbta8.webp', 'prod-17-front', TRUE),
(2, 17, 'https://res.cloudinary.com/dazdwbzdw/image/upload/v1764415276/iphone_16_pro_max_desert_titan_3552a28ae0_prbta8.webp', 'prod-17-back', FALSE),
(1, 18, 'https://res.cloudinary.com/dazdwbzdw/image/upload/v1764415276/iphone_16_pro_max_desert_titan_3552a28ae0_prbta8.webp', 'prod-18-front', TRUE),
(2, 18, 'https://res.cloudinary.com/dazdwbzdw/image/upload/v1764415276/iphone_16_pro_max_desert_titan_3552a28ae0_prbta8.webp', 'prod-18-back', FALSE),
(1, 19, 'https://res.cloudinary.com/dazdwbzdw/image/upload/v1764415276/iphone_16_pro_max_desert_titan_3552a28ae0_prbta8.webp', 'prod-19-front', TRUE),
(2, 19, 'https://res.cloudinary.com/dazdwbzdw/image/upload/v1764415276/iphone_16_pro_max_desert_titan_3552a28ae0_prbta8.webp', 'prod-19-back', FALSE),
(1, 20, 'https://res.cloudinary.com/dazdwbzdw/image/upload/v1764415276/iphone_16_pro_max_desert_titan_3552a28ae0_prbta8.webp', 'prod-20-front', TRUE),
(2, 20, 'https://res.cloudinary.com/dazdwbzdw/image/upload/v1764415276/iphone_16_pro_max_desert_titan_3552a28ae0_prbta8.webp', 'prod-20-back', FALSE),
(1, 21, 'https://res.cloudinary.com/dazdwbzdw/image/upload/v1764415276/iphone_16_pro_max_desert_titan_3552a28ae0_prbta8.webp', 'prod-21-front', TRUE),
(2, 21, 'https://res.cloudinary.com/dazdwbzdw/image/upload/v1764415276/iphone_16_pro_max_desert_titan_3552a28ae0_prbta8.webp', 'prod-21-back', FALSE),
(1, 22, 'https://res.cloudinary.com/dazdwbzdw/image/upload/v1764415276/iphone_16_pro_max_desert_titan_3552a28ae0_prbta8.webp', 'prod-22-front', TRUE),
(2, 22, 'https://res.cloudinary.com/dazdwbzdw/image/upload/v1764415276/iphone_16_pro_max_desert_titan_3552a28ae0_prbta8.webp', 'prod-22-back', FALSE),
(1, 23, 'https://res.cloudinary.com/dazdwbzdw/image/upload/v1764415276/iphone_16_pro_max_desert_titan_3552a28ae0_prbta8.webp', 'prod-23-front', TRUE),
(2, 23, 'https://res.cloudinary.com/dazdwbzdw/image/upload/v1764415276/iphone_16_pro_max_desert_titan_3552a28ae0_prbta8.webp', 'prod-23-back', FALSE),
(1, 24, 'https://res.cloudinary.com/dazdwbzdw/image/upload/v1764415276/iphone_16_pro_max_desert_titan_3552a28ae0_prbta8.webp', 'prod-24-front', TRUE),
(2, 24, 'https://res.cloudinary.com/dazdwbzdw/image/upload/v1764415276/iphone_16_pro_max_desert_titan_3552a28ae0_prbta8.webp', 'prod-24-back', FALSE),
(1, 25, 'https://res.cloudinary.com/dazdwbzdw/image/upload/v1764415276/iphone_16_pro_max_desert_titan_3552a28ae0_prbta8.webp', 'prod-25-front', TRUE),
(2, 25, 'https://res.cloudinary.com/dazdwbzdw/image/upload/v1764415276/iphone_16_pro_max_desert_titan_3552a28ae0_prbta8.webp', 'prod-25-back', FALSE),
(1, 26, 'https://res.cloudinary.com/dazdwbzdw/image/upload/v1764415276/iphone_16_pro_max_desert_titan_3552a28ae0_prbta8.webp', 'prod-26-front', TRUE),
(2, 26, 'https://res.cloudinary.com/dazdwbzdw/image/upload/v1764415276/iphone_16_pro_max_desert_titan_3552a28ae0_prbta8.webp', 'prod-26-back', FALSE),
(1, 27, 'https://res.cloudinary.com/dazdwbzdw/image/upload/v1764415276/iphone_16_pro_max_desert_titan_3552a28ae0_prbta8.webp', 'prod-27-front', TRUE),
(2, 27, 'https://res.cloudinary.com/dazdwbzdw/image/upload/v1764415276/iphone_16_pro_max_desert_titan_3552a28ae0_prbta8.webp', 'prod-27-back', FALSE),
(1, 28, 'https://res.cloudinary.com/dazdwbzdw/image/upload/v1764415276/iphone_16_pro_max_desert_titan_3552a28ae0_prbta8.webp', 'prod-28-front', TRUE),
(2, 28, 'https://res.cloudinary.com/dazdwbzdw/image/upload/v1764415276/iphone_16_pro_max_desert_titan_3552a28ae0_prbta8.webp', 'prod-28-back', FALSE),
(1, 29, 'https://res.cloudinary.com/dazdwbzdw/image/upload/v1764415276/iphone_16_pro_max_desert_titan_3552a28ae0_prbta8.webp', 'prod-29-front', TRUE),
(2, 29, 'https://res.cloudinary.com/dazdwbzdw/image/upload/v1764415276/iphone_16_pro_max_desert_titan_3552a28ae0_prbta8.webp', 'prod-29-back', FALSE),
(1, 30, 'https://res.cloudinary.com/dazdwbzdw/image/upload/v1764415276/iphone_16_pro_max_desert_titan_3552a28ae0_prbta8.webp', 'prod-30-front', TRUE),
(2, 30, 'https://res.cloudinary.com/dazdwbzdw/image/upload/v1764415276/iphone_16_pro_max_desert_titan_3552a28ae0_prbta8.webp', 'prod-30-back', FALSE),
(1, 31, 'https://res.cloudinary.com/dazdwbzdw/image/upload/v1764415276/iphone_16_pro_max_desert_titan_3552a28ae0_prbta8.webp', 'prod-31-front', TRUE),
(2, 31, 'https://res.cloudinary.com/dazdwbzdw/image/upload/v1764415276/iphone_16_pro_max_desert_titan_3552a28ae0_prbta8.webp', 'prod-31-back', FALSE),
(1, 32, 'https://res.cloudinary.com/dazdwbzdw/image/upload/v1764415276/iphone_16_pro_max_desert_titan_3552a28ae0_prbta8.webp', 'prod-32-front', TRUE),
(2, 32, 'https://res.cloudinary.com/dazdwbzdw/image/upload/v1764415276/iphone_16_pro_max_desert_titan_3552a28ae0_prbta8.webp', 'prod-32-back', FALSE),
(1, 33, 'https://res.cloudinary.com/dazdwbzdw/image/upload/v1764415276/iphone_16_pro_max_desert_titan_3552a28ae0_prbta8.webp', 'prod-33-front', TRUE),
(2, 33, 'https://res.cloudinary.com/dazdwbzdw/image/upload/v1764415276/iphone_16_pro_max_desert_titan_3552a28ae0_prbta8.webp', 'prod-33-back', FALSE),
(1, 34, 'https://res.cloudinary.com/dazdwbzdw/image/upload/v1764415276/iphone_16_pro_max_desert_titan_3552a28ae0_prbta8.webp', 'prod-34-front', TRUE),
(2, 34, 'https://res.cloudinary.com/dazdwbzdw/image/upload/v1764415276/iphone_16_pro_max_desert_titan_3552a28ae0_prbta8.webp', 'prod-34-back', FALSE),
(1, 35, 'https://res.cloudinary.com/dazdwbzdw/image/upload/v1764415276/iphone_16_pro_max_desert_titan_3552a28ae0_prbta8.webp', 'prod-35-front', TRUE),
(2, 35, 'https://res.cloudinary.com/dazdwbzdw/image/upload/v1764415276/iphone_16_pro_max_desert_titan_3552a28ae0_prbta8.webp', 'prod-35-back', FALSE),
(1, 36, 'https://res.cloudinary.com/dazdwbzdw/image/upload/v1764415276/iphone_16_pro_max_desert_titan_3552a28ae0_prbta8.webp', 'prod-36-front', TRUE),
(2, 36, 'https://res.cloudinary.com/dazdwbzdw/image/upload/v1764415276/iphone_16_pro_max_desert_titan_3552a28ae0_prbta8.webp', 'prod-36-back', FALSE),
(1, 37, 'https://res.cloudinary.com/dazdwbzdw/image/upload/v1764415276/iphone_16_pro_max_desert_titan_3552a28ae0_prbta8.webp', 'prod-37-front', TRUE),
(2, 37, 'https://res.cloudinary.com/dazdwbzdw/image/upload/v1764415276/iphone_16_pro_max_desert_titan_3552a28ae0_prbta8.webp', 'prod-37-back', FALSE),
(1, 38, 'https://res.cloudinary.com/dazdwbzdw/image/upload/v1764415276/iphone_16_pro_max_desert_titan_3552a28ae0_prbta8.webp', 'prod-38-front', TRUE),
(2, 38, 'https://res.cloudinary.com/dazdwbzdw/image/upload/v1764415276/iphone_16_pro_max_desert_titan_3552a28ae0_prbta8.webp', 'prod-38-back', FALSE),
(1, 39, 'https://res.cloudinary.com/dazdwbzdw/image/upload/v1764415276/iphone_16_pro_max_desert_titan_3552a28ae0_prbta8.webp', 'prod-39-front', TRUE),
(2, 39, 'https://res.cloudinary.com/dazdwbzdw/image/upload/v1764415276/iphone_16_pro_max_desert_titan_3552a28ae0_prbta8.webp', 'prod-39-back', FALSE),
(1, 40, 'https://res.cloudinary.com/dazdwbzdw/image/upload/v1764415276/iphone_16_pro_max_desert_titan_3552a28ae0_prbta8.webp', 'prod-40-front', TRUE),
(2, 40, 'https://res.cloudinary.com/dazdwbzdw/image/upload/v1764415276/iphone_16_pro_max_desert_titan_3552a28ae0_prbta8.webp', 'prod-40-back', FALSE),
(1, 41, 'https://res.cloudinary.com/dazdwbzdw/image/upload/v1764415276/iphone_16_pro_max_desert_titan_3552a28ae0_prbta8.webp', 'prod-41-front', TRUE),
(2, 41, 'https://res.cloudinary.com/dazdwbzdw/image/upload/v1764415276/iphone_16_pro_max_desert_titan_3552a28ae0_prbta8.webp', 'prod-41-back', FALSE),
(1, 42, 'https://res.cloudinary.com/dazdwbzdw/image/upload/v1764415276/iphone_16_pro_max_desert_titan_3552a28ae0_prbta8.webp', 'prod-42-front', TRUE),
(2, 42, 'https://res.cloudinary.com/dazdwbzdw/image/upload/v1764415276/iphone_16_pro_max_desert_titan_3552a28ae0_prbta8.webp', 'prod-42-back', FALSE),
(1, 43, 'https://res.cloudinary.com/dazdwbzdw/image/upload/v1764415276/iphone_16_pro_max_desert_titan_3552a28ae0_prbta8.webp', 'prod-43-front', TRUE),
(2, 43, 'https://res.cloudinary.com/dazdwbzdw/image/upload/v1764415276/iphone_16_pro_max_desert_titan_3552a28ae0_prbta8.webp', 'prod-43-back', FALSE),
(1, 44, 'https://res.cloudinary.com/dazdwbzdw/image/upload/v1764415276/iphone_16_pro_max_desert_titan_3552a28ae0_prbta8.webp', 'prod-44-front', TRUE),
(2, 44, 'https://res.cloudinary.com/dazdwbzdw/image/upload/v1764415276/iphone_16_pro_max_desert_titan_3552a28ae0_prbta8.webp', 'prod-44-back', FALSE),
(1, 45, 'https://res.cloudinary.com/dazdwbzdw/image/upload/v1764415276/iphone_16_pro_max_desert_titan_3552a28ae0_prbta8.webp', 'prod-45-front', TRUE),
(2, 45, 'https://res.cloudinary.com/dazdwbzdw/image/upload/v1764415276/iphone_16_pro_max_desert_titan_3552a28ae0_prbta8.webp', 'prod-45-back', FALSE),
(1, 46, 'https://res.cloudinary.com/dazdwbzdw/image/upload/v1764415276/iphone_16_pro_max_desert_titan_3552a28ae0_prbta8.webp', 'prod-46-front', TRUE),
(2, 46, 'https://res.cloudinary.com/dazdwbzdw/image/upload/v1764415276/iphone_16_pro_max_desert_titan_3552a28ae0_prbta8.webp', 'prod-46-back', FALSE),
(1, 47, 'https://res.cloudinary.com/dazdwbzdw/image/upload/v1764415276/iphone_16_pro_max_desert_titan_3552a28ae0_prbta8.webp', 'prod-47-front', TRUE),
(2, 47, 'https://res.cloudinary.com/dazdwbzdw/image/upload/v1764415276/iphone_16_pro_max_desert_titan_3552a28ae0_prbta8.webp', 'prod-47-back', FALSE),
(1, 48, 'https://res.cloudinary.com/dazdwbzdw/image/upload/v1764415276/iphone_16_pro_max_desert_titan_3552a28ae0_prbta8.webp', 'prod-48-front', TRUE),
(2, 48, 'https://res.cloudinary.com/dazdwbzdw/image/upload/v1764415276/iphone_16_pro_max_desert_titan_3552a28ae0_prbta8.webp', 'prod-48-back', FALSE),
(1, 49, 'https://res.cloudinary.com/dazdwbzdw/image/upload/v1764415276/iphone_16_pro_max_desert_titan_3552a28ae0_prbta8.webp', 'prod-49-front', TRUE),
(2, 49, 'https://res.cloudinary.com/dazdwbzdw/image/upload/v1764415276/iphone_16_pro_max_desert_titan_3552a28ae0_prbta8.webp', 'prod-49-back', FALSE),
(1, 50, 'https://res.cloudinary.com/dazdwbzdw/image/upload/v1764415276/iphone_16_pro_max_desert_titan_3552a28ae0_prbta8.webp', 'prod-50-front', TRUE),
(2, 50, 'https://res.cloudinary.com/dazdwbzdw/image/upload/v1764415276/iphone_16_pro_max_desert_titan_3552a28ae0_prbta8.webp', 'prod-50-back', FALSE),
(1, 51, 'https://res.cloudinary.com/dazdwbzdw/image/upload/v1764415276/iphone_16_pro_max_desert_titan_3552a28ae0_prbta8.webp', 'prod-51-front', TRUE),
(2, 51, 'https://res.cloudinary.com/dazdwbzdw/image/upload/v1764415276/iphone_16_pro_max_desert_titan_3552a28ae0_prbta8.webp', 'prod-51-back', FALSE),
(1, 52, 'https://res.cloudinary.com/dazdwbzdw/image/upload/v1764415276/iphone_16_pro_max_desert_titan_3552a28ae0_prbta8.webp', 'prod-52-front', TRUE),
(2, 52, 'https://res.cloudinary.com/dazdwbzdw/image/upload/v1764415276/iphone_16_pro_max_desert_titan_3552a28ae0_prbta8.webp', 'prod-52-back', FALSE),
(1, 53, 'https://res.cloudinary.com/dazdwbzdw/image/upload/v1764415276/iphone_16_pro_max_desert_titan_3552a28ae0_prbta8.webp', 'prod-53-front', TRUE),
(2, 53, 'https://res.cloudinary.com/dazdwbzdw/image/upload/v1764415276/iphone_16_pro_max_desert_titan_3552a28ae0_prbta8.webp', 'prod-53-back', FALSE),
(1, 54, 'https://res.cloudinary.com/dazdwbzdw/image/upload/v1764415276/iphone_16_pro_max_desert_titan_3552a28ae0_prbta8.webp', 'prod-54-front', TRUE),
(2, 54, 'https://res.cloudinary.com/dazdwbzdw/image/upload/v1764415276/iphone_16_pro_max_desert_titan_3552a28ae0_prbta8.webp', 'prod-54-back', FALSE),
(1, 55, 'https://res.cloudinary.com/dazdwbzdw/image/upload/v1764415276/iphone_16_pro_max_desert_titan_3552a28ae0_prbta8.webp', 'prod-55-front', TRUE),
(2, 55, 'https://res.cloudinary.com/dazdwbzdw/image/upload/v1764415276/iphone_16_pro_max_desert_titan_3552a28ae0_prbta8.webp', 'prod-55-back', FALSE),
(1, 56, 'https://res.cloudinary.com/dazdwbzdw/image/upload/v1764415276/iphone_16_pro_max_desert_titan_3552a28ae0_prbta8.webp', 'prod-56-front', TRUE),
(2, 56, 'https://res.cloudinary.com/dazdwbzdw/image/upload/v1764415276/iphone_16_pro_max_desert_titan_3552a28ae0_prbta8.webp', 'prod-56-back', FALSE),
(1, 57, 'https://res.cloudinary.com/dazdwbzdw/image/upload/v1764415276/iphone_16_pro_max_desert_titan_3552a28ae0_prbta8.webp', 'prod-57-front', TRUE),
(2, 57, 'https://res.cloudinary.com/dazdwbzdw/image/upload/v1764415276/iphone_16_pro_max_desert_titan_3552a28ae0_prbta8.webp', 'prod-57-back', FALSE),
(1, 58, 'https://res.cloudinary.com/dazdwbzdw/image/upload/v1764415276/iphone_16_pro_max_desert_titan_3552a28ae0_prbta8.webp', 'prod-58-front', TRUE),
(2, 58, 'https://res.cloudinary.com/dazdwbzdw/image/upload/v1764415276/iphone_16_pro_max_desert_titan_3552a28ae0_prbta8.webp', 'prod-58-back', FALSE),
(1, 59, 'https://res.cloudinary.com/dazdwbzdw/image/upload/v1764415276/iphone_16_pro_max_desert_titan_3552a28ae0_prbta8.webp', 'prod-59-front', TRUE),
(2, 59, 'https://res.cloudinary.com/dazdwbzdw/image/upload/v1764415276/iphone_16_pro_max_desert_titan_3552a28ae0_prbta8.webp', 'prod-59-back', FALSE),
(1, 60, 'https://res.cloudinary.com/dazdwbzdw/image/upload/v1764415276/iphone_16_pro_max_desert_titan_3552a28ae0_prbta8.webp', 'prod-60-front', TRUE),
(2, 60, 'https://res.cloudinary.com/dazdwbzdw/image/upload/v1764415276/iphone_16_pro_max_desert_titan_3552a28ae0_prbta8.webp', 'prod-60-back', FALSE),
(1, 61, 'https://res.cloudinary.com/dazdwbzdw/image/upload/v1764415276/iphone_16_pro_max_desert_titan_3552a28ae0_prbta8.webp', 'prod-61-front', TRUE),
(2, 61, 'https://res.cloudinary.com/dazdwbzdw/image/upload/v1764415276/iphone_16_pro_max_desert_titan_3552a28ae0_prbta8.webp', 'prod-61-back', FALSE),
(1, 62, 'https://res.cloudinary.com/dazdwbzdw/image/upload/v1764415276/iphone_16_pro_max_desert_titan_3552a28ae0_prbta8.webp', 'prod-62-front', TRUE),
(2, 62, 'https://res.cloudinary.com/dazdwbzdw/image/upload/v1764415276/iphone_16_pro_max_desert_titan_3552a28ae0_prbta8.webp', 'prod-62-back', FALSE),
(1, 63, 'https://res.cloudinary.com/dazdwbzdw/image/upload/v1764415276/iphone_16_pro_max_desert_titan_3552a28ae0_prbta8.webp', 'prod-63-front', TRUE),
(2, 63, 'https://res.cloudinary.com/dazdwbzdw/image/upload/v1764415276/iphone_16_pro_max_desert_titan_3552a28ae0_prbta8.webp', 'prod-63-back', FALSE),
(1, 64, 'https://res.cloudinary.com/dazdwbzdw/image/upload/v1764415276/iphone_16_pro_max_desert_titan_3552a28ae0_prbta8.webp', 'prod-64-front', TRUE),
(2, 64, 'https://res.cloudinary.com/dazdwbzdw/image/upload/v1764415276/iphone_16_pro_max_desert_titan_3552a28ae0_prbta8.webp', 'prod-64-back', FALSE),
(1, 65, 'https://res.cloudinary.com/dazdwbzdw/image/upload/v1764415276/iphone_16_pro_max_desert_titan_3552a28ae0_prbta8.webp', 'prod-65-front', TRUE),
(2, 65, 'https://res.cloudinary.com/dazdwbzdw/image/upload/v1764415276/iphone_16_pro_max_desert_titan_3552a28ae0_prbta8.webp', 'prod-65-back', FALSE),
(1, 66, 'https://res.cloudinary.com/dazdwbzdw/image/upload/v1764415276/iphone_16_pro_max_desert_titan_3552a28ae0_prbta8.webp', 'prod-66-front', TRUE),
(2, 66, 'https://res.cloudinary.com/dazdwbzdw/image/upload/v1764415276/iphone_16_pro_max_desert_titan_3552a28ae0_prbta8.webp', 'prod-66-back', FALSE),
(1, 67, 'https://res.cloudinary.com/dazdwbzdw/image/upload/v1764415276/iphone_16_pro_max_desert_titan_3552a28ae0_prbta8.webp', 'prod-67-front', TRUE),
(2, 67, 'https://res.cloudinary.com/dazdwbzdw/image/upload/v1764415276/iphone_16_pro_max_desert_titan_3552a28ae0_prbta8.webp', 'prod-67-back', FALSE),
(1, 68, 'https://res.cloudinary.com/dazdwbzdw/image/upload/v1764415276/iphone_16_pro_max_desert_titan_3552a28ae0_prbta8.webp', 'prod-68-front', TRUE),
(2, 68, 'https://res.cloudinary.com/dazdwbzdw/image/upload/v1764415276/iphone_16_pro_max_desert_titan_3552a28ae0_prbta8.webp', 'prod-68-back', FALSE),
(1, 69, 'https://res.cloudinary.com/dazdwbzdw/image/upload/v1764415276/iphone_16_pro_max_desert_titan_3552a28ae0_prbta8.webp', 'prod-69-front', TRUE),
(2, 69, 'https://res.cloudinary.com/dazdwbzdw/image/upload/v1764415276/iphone_16_pro_max_desert_titan_3552a28ae0_prbta8.webp', 'prod-69-back', FALSE),
(1, 70, 'https://res.cloudinary.com/dazdwbzdw/image/upload/v1764415276/iphone_16_pro_max_desert_titan_3552a28ae0_prbta8.webp', 'prod-70-front', TRUE),
(2, 70, 'https://res.cloudinary.com/dazdwbzdw/image/upload/v1764415276/iphone_16_pro_max_desert_titan_3552a28ae0_prbta8.webp', 'prod-70-back', FALSE),
(1, 71, 'https://res.cloudinary.com/dazdwbzdw/image/upload/v1764415276/iphone_16_pro_max_desert_titan_3552a28ae0_prbta8.webp', 'prod-71-front', TRUE),
(2, 71, 'https://res.cloudinary.com/dazdwbzdw/image/upload/v1764415276/iphone_16_pro_max_desert_titan_3552a28ae0_prbta8.webp', 'prod-71-back', FALSE),
(1, 72, 'https://res.cloudinary.com/dazdwbzdw/image/upload/v1764415276/iphone_16_pro_max_desert_titan_3552a28ae0_prbta8.webp', 'prod-72-front', TRUE),
(2, 72, 'https://res.cloudinary.com/dazdwbzdw/image/upload/v1764415276/iphone_16_pro_max_desert_titan_3552a28ae0_prbta8.webp', 'prod-72-back', FALSE),
(1, 73, 'https://res.cloudinary.com/dazdwbzdw/image/upload/v1764415276/iphone_16_pro_max_desert_titan_3552a28ae0_prbta8.webp', 'prod-73-front', TRUE),
(2, 73, 'https://res.cloudinary.com/dazdwbzdw/image/upload/v1764415276/iphone_16_pro_max_desert_titan_3552a28ae0_prbta8.webp', 'prod-73-back', FALSE),
(1, 74, 'https://res.cloudinary.com/dazdwbzdw/image/upload/v1764415276/iphone_16_pro_max_desert_titan_3552a28ae0_prbta8.webp', 'prod-74-front', TRUE),
(2, 74, 'https://res.cloudinary.com/dazdwbzdw/image/upload/v1764415276/iphone_16_pro_max_desert_titan_3552a28ae0_prbta8.webp', 'prod-74-back', FALSE),
(1, 75, 'https://res.cloudinary.com/dazdwbzdw/image/upload/v1764415276/iphone_16_pro_max_desert_titan_3552a28ae0_prbta8.webp', 'prod-75-front', TRUE),
(2, 75, 'https://res.cloudinary.com/dazdwbzdw/image/upload/v1764415276/iphone_16_pro_max_desert_titan_3552a28ae0_prbta8.webp', 'prod-75-back', FALSE),
(1, 76, 'https://res.cloudinary.com/dazdwbzdw/image/upload/v1764415276/iphone_16_pro_max_desert_titan_3552a28ae0_prbta8.webp', 'prod-76-front', TRUE),
(2, 76, 'https://res.cloudinary.com/dazdwbzdw/image/upload/v1764415276/iphone_16_pro_max_desert_titan_3552a28ae0_prbta8.webp', 'prod-76-back', FALSE),
(1, 77, 'https://res.cloudinary.com/dazdwbzdw/image/upload/v1764415276/iphone_16_pro_max_desert_titan_3552a28ae0_prbta8.webp', 'prod-77-front', TRUE),
(2, 77, 'https://res.cloudinary.com/dazdwbzdw/image/upload/v1764415276/iphone_16_pro_max_desert_titan_3552a28ae0_prbta8.webp', 'prod-77-back', FALSE),
(1, 78, 'https://res.cloudinary.com/dazdwbzdw/image/upload/v1764415276/iphone_16_pro_max_desert_titan_3552a28ae0_prbta8.webp', 'prod-78-front', TRUE),
(2, 78, 'https://res.cloudinary.com/dazdwbzdw/image/upload/v1764415276/iphone_16_pro_max_desert_titan_3552a28ae0_prbta8.webp', 'prod-78-back', FALSE),
(1, 79, 'https://res.cloudinary.com/dazdwbzdw/image/upload/v1764415276/iphone_16_pro_max_desert_titan_3552a28ae0_prbta8.webp', 'prod-79-front', TRUE),
(2, 79, 'https://res.cloudinary.com/dazdwbzdw/image/upload/v1764415276/iphone_16_pro_max_desert_titan_3552a28ae0_prbta8.webp', 'prod-79-back', FALSE),
(1, 80, 'https://res.cloudinary.com/dazdwbzdw/image/upload/v1764415276/iphone_16_pro_max_desert_titan_3552a28ae0_prbta8.webp', 'prod-80-front', TRUE),
(2, 80, 'https://res.cloudinary.com/dazdwbzdw/image/upload/v1764415276/iphone_16_pro_max_desert_titan_3552a28ae0_prbta8.webp', 'prod-80-back', FALSE),
(1, 81, 'https://res.cloudinary.com/dazdwbzdw/image/upload/v1764415276/iphone_16_pro_max_desert_titan_3552a28ae0_prbta8.webp', 'prod-81-front', TRUE),
(2, 81, 'https://res.cloudinary.com/dazdwbzdw/image/upload/v1764415276/iphone_16_pro_max_desert_titan_3552a28ae0_prbta8.webp', 'prod-81-back', FALSE),
(1, 82, 'https://res.cloudinary.com/dazdwbzdw/image/upload/v1764415276/iphone_16_pro_max_desert_titan_3552a28ae0_prbta8.webp', 'prod-82-front', TRUE),
(2, 82, 'https://res.cloudinary.com/dazdwbzdw/image/upload/v1764415276/iphone_16_pro_max_desert_titan_3552a28ae0_prbta8.webp', 'prod-82-back', FALSE),
(1, 83, 'https://res.cloudinary.com/dazdwbzdw/image/upload/v1764415276/iphone_16_pro_max_desert_titan_3552a28ae0_prbta8.webp', 'prod-83-front', TRUE),
(2, 83, 'https://res.cloudinary.com/dazdwbzdw/image/upload/v1764415276/iphone_16_pro_max_desert_titan_3552a28ae0_prbta8.webp', 'prod-83-back', FALSE),
(1, 84, 'https://res.cloudinary.com/dazdwbzdw/image/upload/v1764415276/iphone_16_pro_max_desert_titan_3552a28ae0_prbta8.webp', 'prod-84-front', TRUE),
(2, 84, 'https://res.cloudinary.com/dazdwbzdw/image/upload/v1764415276/iphone_16_pro_max_desert_titan_3552a28ae0_prbta8.webp', 'prod-84-back', FALSE),
(1, 85, 'https://res.cloudinary.com/dazdwbzdw/image/upload/v1764415276/iphone_16_pro_max_desert_titan_3552a28ae0_prbta8.webp', 'prod-85-front', TRUE),
(2, 85, 'https://res.cloudinary.com/dazdwbzdw/image/upload/v1764415276/iphone_16_pro_max_desert_titan_3552a28ae0_prbta8.webp', 'prod-85-back', FALSE),
(1, 86, 'https://res.cloudinary.com/dazdwbzdw/image/upload/v1764415276/iphone_16_pro_max_desert_titan_3552a28ae0_prbta8.webp', 'prod-86-front', TRUE),
(2, 86, 'https://res.cloudinary.com/dazdwbzdw/image/upload/v1764415276/iphone_16_pro_max_desert_titan_3552a28ae0_prbta8.webp', 'prod-86-back', FALSE),
(1, 87, 'https://res.cloudinary.com/dazdwbzdw/image/upload/v1764415276/iphone_16_pro_max_desert_titan_3552a28ae0_prbta8.webp', 'prod-87-front', TRUE),
(2, 87, 'https://res.cloudinary.com/dazdwbzdw/image/upload/v1764415276/iphone_16_pro_max_desert_titan_3552a28ae0_prbta8.webp', 'prod-87-back', FALSE),
(1, 88, 'https://res.cloudinary.com/dazdwbzdw/image/upload/v1764415276/iphone_16_pro_max_desert_titan_3552a28ae0_prbta8.webp', 'prod-88-front', TRUE),
(2, 88, 'https://res.cloudinary.com/dazdwbzdw/image/upload/v1764415276/iphone_16_pro_max_desert_titan_3552a28ae0_prbta8.webp', 'prod-88-back', FALSE),
(1, 89, 'https://res.cloudinary.com/dazdwbzdw/image/upload/v1764415276/iphone_16_pro_max_desert_titan_3552a28ae0_prbta8.webp', 'prod-89-front', TRUE),
(2, 89, 'https://res.cloudinary.com/dazdwbzdw/image/upload/v1764415276/iphone_16_pro_max_desert_titan_3552a28ae0_prbta8.webp', 'prod-89-back', FALSE),
(1, 90, 'https://res.cloudinary.com/dazdwbzdw/image/upload/v1764415276/iphone_16_pro_max_desert_titan_3552a28ae0_prbta8.webp', 'prod-90-front', TRUE),
(2, 90, 'https://res.cloudinary.com/dazdwbzdw/image/upload/v1764415276/iphone_16_pro_max_desert_titan_3552a28ae0_prbta8.webp', 'prod-90-back', FALSE),
(1, 91, 'https://res.cloudinary.com/dazdwbzdw/image/upload/v1764415276/iphone_16_pro_max_desert_titan_3552a28ae0_prbta8.webp', 'prod-91-front', TRUE),
(2, 91, 'https://res.cloudinary.com/dazdwbzdw/image/upload/v1764415276/iphone_16_pro_max_desert_titan_3552a28ae0_prbta8.webp', 'prod-91-back', FALSE),
(1, 92, 'https://res.cloudinary.com/dazdwbzdw/image/upload/v1764415276/iphone_16_pro_max_desert_titan_3552a28ae0_prbta8.webp', 'prod-92-front', TRUE),
(2, 92, 'https://res.cloudinary.com/dazdwbzdw/image/upload/v1764415276/iphone_16_pro_max_desert_titan_3552a28ae0_prbta8.webp', 'prod-92-back', FALSE),
(1, 93, 'https://res.cloudinary.com/dazdwbzdw/image/upload/v1764415276/iphone_16_pro_max_desert_titan_3552a28ae0_prbta8.webp', 'prod-93-front', TRUE),
(2, 93, 'https://res.cloudinary.com/dazdwbzdw/image/upload/v1764415276/iphone_16_pro_max_desert_titan_3552a28ae0_prbta8.webp', 'prod-93-back', FALSE),
(1, 94, 'https://res.cloudinary.com/dazdwbzdw/image/upload/v1764415276/iphone_16_pro_max_desert_titan_3552a28ae0_prbta8.webp', 'prod-94-front', TRUE),
(2, 94, 'https://res.cloudinary.com/dazdwbzdw/image/upload/v1764415276/iphone_16_pro_max_desert_titan_3552a28ae0_prbta8.webp', 'prod-94-back', FALSE),
(1, 95, 'https://res.cloudinary.com/dazdwbzdw/image/upload/v1764415276/iphone_16_pro_max_desert_titan_3552a28ae0_prbta8.webp', 'prod-95-front', TRUE),
(2, 95, 'https://res.cloudinary.com/dazdwbzdw/image/upload/v1764415276/iphone_16_pro_max_desert_titan_3552a28ae0_prbta8.webp', 'prod-95-back', FALSE),
(1, 96, 'https://res.cloudinary.com/dazdwbzdw/image/upload/v1764415276/iphone_16_pro_max_desert_titan_3552a28ae0_prbta8.webp', 'prod-96-front', TRUE),
(2, 96, 'https://res.cloudinary.com/dazdwbzdw/image/upload/v1764415276/iphone_16_pro_max_desert_titan_3552a28ae0_prbta8.webp', 'prod-96-back', FALSE),
(1, 97, 'https://res.cloudinary.com/dazdwbzdw/image/upload/v1764415276/iphone_16_pro_max_desert_titan_3552a28ae0_prbta8.webp', 'prod-97-front', TRUE),
(2, 97, 'https://res.cloudinary.com/dazdwbzdw/image/upload/v1764415276/iphone_16_pro_max_desert_titan_3552a28ae0_prbta8.webp', 'prod-97-back', FALSE),
(1, 98, 'https://res.cloudinary.com/dazdwbzdw/image/upload/v1764415276/iphone_16_pro_max_desert_titan_3552a28ae0_prbta8.webp', 'prod-98-front', TRUE),
(2, 98, 'https://res.cloudinary.com/dazdwbzdw/image/upload/v1764415276/iphone_16_pro_max_desert_titan_3552a28ae0_prbta8.webp', 'prod-98-back', FALSE),
(1, 99, 'https://res.cloudinary.com/dazdwbzdw/image/upload/v1764415276/iphone_16_pro_max_desert_titan_3552a28ae0_prbta8.webp', 'prod-99-front', TRUE),
(2, 99, 'https://res.cloudinary.com/dazdwbzdw/image/upload/v1764415276/iphone_16_pro_max_desert_titan_3552a28ae0_prbta8.webp', 'prod-99-back', FALSE),
(1, 100, 'https://res.cloudinary.com/dazdwbzdw/image/upload/v1764415276/iphone_16_pro_max_desert_titan_3552a28ae0_prbta8.webp', 'prod-100-front', TRUE),
(2, 100, 'https://res.cloudinary.com/dazdwbzdw/image/upload/v1764415276/iphone_16_pro_max_desert_titan_3552a28ae0_prbta8.webp', 'prod-100-back', FALSE);

INSERT INTO `ProductSpec`
(`id`, `product_id`, `spec_name`, `spec_value`)
VALUES
(1, 1, 'Display', 'High refresh display 1'),
(2, 1, 'Battery', 'All-day battery 1'),
(1, 2, 'Display', 'High refresh display 2'),
(2, 2, 'Battery', 'All-day battery 2'),
(1, 3, 'Display', 'High refresh display 3'),
(2, 3, 'Battery', 'All-day battery 3'),
(1, 4, 'Display', 'High refresh display 4'),
(2, 4, 'Battery', 'All-day battery 4'),
(1, 5, 'Display', 'High refresh display 5'),
(2, 5, 'Battery', 'All-day battery 5'),
(1, 6, 'Display', 'High refresh display 6'),
(2, 6, 'Battery', 'All-day battery 6'),
(1, 7, 'Display', 'High refresh display 7'),
(2, 7, 'Battery', 'All-day battery 7'),
(1, 8, 'Display', 'High refresh display 8'),
(2, 8, 'Battery', 'All-day battery 8'),
(1, 9, 'Display', 'High refresh display 9'),
(2, 9, 'Battery', 'All-day battery 9'),
(1, 10, 'Display', 'High refresh display 10'),
(2, 10, 'Battery', 'All-day battery 10'),
(1, 11, 'Display', 'High refresh display 11'),
(2, 11, 'Battery', 'All-day battery 11'),
(1, 12, 'Display', 'High refresh display 12'),
(2, 12, 'Battery', 'All-day battery 12'),
(1, 13, 'Display', 'High refresh display 13'),
(2, 13, 'Battery', 'All-day battery 13'),
(1, 14, 'Display', 'High refresh display 14'),
(2, 14, 'Battery', 'All-day battery 14'),
(1, 15, 'Display', 'High refresh display 15'),
(2, 15, 'Battery', 'All-day battery 15'),
(1, 16, 'Display', 'High refresh display 16'),
(2, 16, 'Battery', 'All-day battery 16'),
(1, 17, 'Display', 'High refresh display 17'),
(2, 17, 'Battery', 'All-day battery 17'),
(1, 18, 'Display', 'High refresh display 18'),
(2, 18, 'Battery', 'All-day battery 18'),
(1, 19, 'Display', 'High refresh display 19'),
(2, 19, 'Battery', 'All-day battery 19'),
(1, 20, 'Display', 'High refresh display 20'),
(2, 20, 'Battery', 'All-day battery 20'),
(1, 21, 'Display', 'High refresh display 21'),
(2, 21, 'Battery', 'All-day battery 21'),
(1, 22, 'Display', 'High refresh display 22'),
(2, 22, 'Battery', 'All-day battery 22'),
(1, 23, 'Display', 'High refresh display 23'),
(2, 23, 'Battery', 'All-day battery 23'),
(1, 24, 'Display', 'High refresh display 24'),
(2, 24, 'Battery', 'All-day battery 24'),
(1, 25, 'Display', 'High refresh display 25'),
(2, 25, 'Battery', 'All-day battery 25'),
(1, 26, 'Display', 'High refresh display 26'),
(2, 26, 'Battery', 'All-day battery 26'),
(1, 27, 'Display', 'High refresh display 27'),
(2, 27, 'Battery', 'All-day battery 27'),
(1, 28, 'Display', 'High refresh display 28'),
(2, 28, 'Battery', 'All-day battery 28'),
(1, 29, 'Display', 'High refresh display 29'),
(2, 29, 'Battery', 'All-day battery 29'),
(1, 30, 'Display', 'High refresh display 30'),
(2, 30, 'Battery', 'All-day battery 30'),
(1, 31, 'Display', 'High refresh display 31'),
(2, 31, 'Battery', 'All-day battery 31'),
(1, 32, 'Display', 'High refresh display 32'),
(2, 32, 'Battery', 'All-day battery 32'),
(1, 33, 'Display', 'High refresh display 33'),
(2, 33, 'Battery', 'All-day battery 33'),
(1, 34, 'Display', 'High refresh display 34'),
(2, 34, 'Battery', 'All-day battery 34'),
(1, 35, 'Display', 'High refresh display 35'),
(2, 35, 'Battery', 'All-day battery 35'),
(1, 36, 'Display', 'High refresh display 36'),
(2, 36, 'Battery', 'All-day battery 36'),
(1, 37, 'Display', 'High refresh display 37'),
(2, 37, 'Battery', 'All-day battery 37'),
(1, 38, 'Display', 'High refresh display 38'),
(2, 38, 'Battery', 'All-day battery 38'),
(1, 39, 'Display', 'High refresh display 39'),
(2, 39, 'Battery', 'All-day battery 39'),
(1, 40, 'Display', 'High refresh display 40'),
(2, 40, 'Battery', 'All-day battery 40'),
(1, 41, 'Display', 'High refresh display 41'),
(2, 41, 'Battery', 'All-day battery 41'),
(1, 42, 'Display', 'High refresh display 42'),
(2, 42, 'Battery', 'All-day battery 42'),
(1, 43, 'Display', 'High refresh display 43'),
(2, 43, 'Battery', 'All-day battery 43'),
(1, 44, 'Display', 'High refresh display 44'),
(2, 44, 'Battery', 'All-day battery 44'),
(1, 45, 'Display', 'High refresh display 45'),
(2, 45, 'Battery', 'All-day battery 45'),
(1, 46, 'Display', 'High refresh display 46'),
(2, 46, 'Battery', 'All-day battery 46'),
(1, 47, 'Display', 'High refresh display 47'),
(2, 47, 'Battery', 'All-day battery 47'),
(1, 48, 'Display', 'High refresh display 48'),
(2, 48, 'Battery', 'All-day battery 48'),
(1, 49, 'Display', 'High refresh display 49'),
(2, 49, 'Battery', 'All-day battery 49'),
(1, 50, 'Display', 'High refresh display 50'),
(2, 50, 'Battery', 'All-day battery 50'),
(1, 51, 'Display', 'High refresh display 51'),
(2, 51, 'Battery', 'All-day battery 51'),
(1, 52, 'Display', 'High refresh display 52'),
(2, 52, 'Battery', 'All-day battery 52'),
(1, 53, 'Display', 'High refresh display 53'),
(2, 53, 'Battery', 'All-day battery 53'),
(1, 54, 'Display', 'High refresh display 54'),
(2, 54, 'Battery', 'All-day battery 54'),
(1, 55, 'Display', 'High refresh display 55'),
(2, 55, 'Battery', 'All-day battery 55'),
(1, 56, 'Display', 'High refresh display 56'),
(2, 56, 'Battery', 'All-day battery 56'),
(1, 57, 'Display', 'High refresh display 57'),
(2, 57, 'Battery', 'All-day battery 57'),
(1, 58, 'Display', 'High refresh display 58'),
(2, 58, 'Battery', 'All-day battery 58'),
(1, 59, 'Display', 'High refresh display 59'),
(2, 59, 'Battery', 'All-day battery 59'),
(1, 60, 'Display', 'High refresh display 60'),
(2, 60, 'Battery', 'All-day battery 60'),
(1, 61, 'Display', 'High refresh display 61'),
(2, 61, 'Battery', 'All-day battery 61'),
(1, 62, 'Display', 'High refresh display 62'),
(2, 62, 'Battery', 'All-day battery 62'),
(1, 63, 'Display', 'High refresh display 63'),
(2, 63, 'Battery', 'All-day battery 63'),
(1, 64, 'Display', 'High refresh display 64'),
(2, 64, 'Battery', 'All-day battery 64'),
(1, 65, 'Display', 'High refresh display 65'),
(2, 65, 'Battery', 'All-day battery 65'),
(1, 66, 'Display', 'High refresh display 66'),
(2, 66, 'Battery', 'All-day battery 66'),
(1, 67, 'Display', 'High refresh display 67'),
(2, 67, 'Battery', 'All-day battery 67'),
(1, 68, 'Display', 'High refresh display 68'),
(2, 68, 'Battery', 'All-day battery 68'),
(1, 69, 'Display', 'High refresh display 69'),
(2, 69, 'Battery', 'All-day battery 69'),
(1, 70, 'Display', 'High refresh display 70'),
(2, 70, 'Battery', 'All-day battery 70'),
(1, 71, 'Display', 'High refresh display 71'),
(2, 71, 'Battery', 'All-day battery 71'),
(1, 72, 'Display', 'High refresh display 72'),
(2, 72, 'Battery', 'All-day battery 72'),
(1, 73, 'Display', 'High refresh display 73'),
(2, 73, 'Battery', 'All-day battery 73'),
(1, 74, 'Display', 'High refresh display 74'),
(2, 74, 'Battery', 'All-day battery 74'),
(1, 75, 'Display', 'High refresh display 75'),
(2, 75, 'Battery', 'All-day battery 75'),
(1, 76, 'Display', 'High refresh display 76'),
(2, 76, 'Battery', 'All-day battery 76'),
(1, 77, 'Display', 'High refresh display 77'),
(2, 77, 'Battery', 'All-day battery 77'),
(1, 78, 'Display', 'High refresh display 78'),
(2, 78, 'Battery', 'All-day battery 78'),
(1, 79, 'Display', 'High refresh display 79'),
(2, 79, 'Battery', 'All-day battery 79'),
(1, 80, 'Display', 'High refresh display 80'),
(2, 80, 'Battery', 'All-day battery 80'),
(1, 81, 'Display', 'High refresh display 81'),
(2, 81, 'Battery', 'All-day battery 81'),
(1, 82, 'Display', 'High refresh display 82'),
(2, 82, 'Battery', 'All-day battery 82'),
(1, 83, 'Display', 'High refresh display 83'),
(2, 83, 'Battery', 'All-day battery 83'),
(1, 84, 'Display', 'High refresh display 84'),
(2, 84, 'Battery', 'All-day battery 84'),
(1, 85, 'Display', 'High refresh display 85'),
(2, 85, 'Battery', 'All-day battery 85'),
(1, 86, 'Display', 'High refresh display 86'),
(2, 86, 'Battery', 'All-day battery 86'),
(1, 87, 'Display', 'High refresh display 87'),
(2, 87, 'Battery', 'All-day battery 87'),
(1, 88, 'Display', 'High refresh display 88'),
(2, 88, 'Battery', 'All-day battery 88'),
(1, 89, 'Display', 'High refresh display 89'),
(2, 89, 'Battery', 'All-day battery 89'),
(1, 90, 'Display', 'High refresh display 90'),
(2, 90, 'Battery', 'All-day battery 90'),
(1, 91, 'Display', 'High refresh display 91'),
(2, 91, 'Battery', 'All-day battery 91'),
(1, 92, 'Display', 'High refresh display 92'),
(2, 92, 'Battery', 'All-day battery 92'),
(1, 93, 'Display', 'High refresh display 93'),
(2, 93, 'Battery', 'All-day battery 93'),
(1, 94, 'Display', 'High refresh display 94'),
(2, 94, 'Battery', 'All-day battery 94'),
(1, 95, 'Display', 'High refresh display 95'),
(2, 95, 'Battery', 'All-day battery 95'),
(1, 96, 'Display', 'High refresh display 96'),
(2, 96, 'Battery', 'All-day battery 96'),
(1, 97, 'Display', 'High refresh display 97'),
(2, 97, 'Battery', 'All-day battery 97'),
(1, 98, 'Display', 'High refresh display 98'),
(2, 98, 'Battery', 'All-day battery 98'),
(1, 99, 'Display', 'High refresh display 99'),
(2, 99, 'Battery', 'All-day battery 99'),
(1, 100, 'Display', 'High refresh display 100'),
(2, 100, 'Battery', 'All-day battery 100');

INSERT INTO `InventoryLog`
(`id`, `product_id`, `product_variant_id`, `type`, `quantity`, `reason`)
VALUES
(1, 1, 1, 'IMPORT', 27, 'Initial stock for product 1'),
(2, 2, 1, 'IMPORT', 34, 'Initial stock for product 2'),
(3, 3, 1, 'IMPORT', 41, 'Initial stock for product 3'),
(4, 4, 1, 'IMPORT', 48, 'Initial stock for product 4'),
(5, 5, 1, 'IMPORT', 55, 'Initial stock for product 5'),
(6, 6, 1, 'IMPORT', 22, 'Initial stock for product 6'),
(7, 7, 1, 'IMPORT', 29, 'Initial stock for product 7'),
(8, 8, 1, 'IMPORT', 36, 'Initial stock for product 8'),
(9, 9, 1, 'IMPORT', 43, 'Initial stock for product 9'),
(10, 10, 1, 'IMPORT', 50, 'Initial stock for product 10'),
(11, 11, 1, 'IMPORT', 57, 'Initial stock for product 11'),
(12, 12, 1, 'IMPORT', 24, 'Initial stock for product 12'),
(13, 13, 1, 'IMPORT', 31, 'Initial stock for product 13'),
(14, 14, 1, 'IMPORT', 38, 'Initial stock for product 14'),
(15, 15, 1, 'IMPORT', 45, 'Initial stock for product 15'),
(16, 16, 1, 'IMPORT', 52, 'Initial stock for product 16'),
(17, 17, 1, 'IMPORT', 59, 'Initial stock for product 17'),
(18, 18, 1, 'IMPORT', 26, 'Initial stock for product 18'),
(19, 19, 1, 'IMPORT', 33, 'Initial stock for product 19'),
(20, 20, 1, 'IMPORT', 40, 'Initial stock for product 20'),
(21, 21, 1, 'IMPORT', 47, 'Initial stock for product 21'),
(22, 22, 1, 'IMPORT', 54, 'Initial stock for product 22'),
(23, 23, 1, 'IMPORT', 21, 'Initial stock for product 23'),
(24, 24, 1, 'IMPORT', 28, 'Initial stock for product 24'),
(25, 25, 1, 'IMPORT', 35, 'Initial stock for product 25'),
(26, 26, 1, 'IMPORT', 42, 'Initial stock for product 26'),
(27, 27, 1, 'IMPORT', 49, 'Initial stock for product 27'),
(28, 28, 1, 'IMPORT', 56, 'Initial stock for product 28'),
(29, 29, 1, 'IMPORT', 23, 'Initial stock for product 29'),
(30, 30, 1, 'IMPORT', 30, 'Initial stock for product 30'),
(31, 31, 1, 'IMPORT', 37, 'Initial stock for product 31'),
(32, 32, 1, 'IMPORT', 44, 'Initial stock for product 32'),
(33, 33, 1, 'IMPORT', 51, 'Initial stock for product 33'),
(34, 34, 1, 'IMPORT', 58, 'Initial stock for product 34'),
(35, 35, 1, 'IMPORT', 25, 'Initial stock for product 35'),
(36, 36, 1, 'IMPORT', 32, 'Initial stock for product 36'),
(37, 37, 1, 'IMPORT', 39, 'Initial stock for product 37'),
(38, 38, 1, 'IMPORT', 46, 'Initial stock for product 38'),
(39, 39, 1, 'IMPORT', 53, 'Initial stock for product 39'),
(40, 40, 1, 'IMPORT', 20, 'Initial stock for product 40'),
(41, 41, 1, 'IMPORT', 27, 'Initial stock for product 41'),
(42, 42, 1, 'IMPORT', 34, 'Initial stock for product 42'),
(43, 43, 1, 'IMPORT', 41, 'Initial stock for product 43'),
(44, 44, 1, 'IMPORT', 48, 'Initial stock for product 44'),
(45, 45, 1, 'IMPORT', 55, 'Initial stock for product 45'),
(46, 46, 1, 'IMPORT', 22, 'Initial stock for product 46'),
(47, 47, 1, 'IMPORT', 29, 'Initial stock for product 47'),
(48, 48, 1, 'IMPORT', 36, 'Initial stock for product 48'),
(49, 49, 1, 'IMPORT', 43, 'Initial stock for product 49'),
(50, 50, 1, 'IMPORT', 50, 'Initial stock for product 50'),
(51, 51, 1, 'IMPORT', 57, 'Initial stock for product 51'),
(52, 52, 1, 'IMPORT', 24, 'Initial stock for product 52'),
(53, 53, 1, 'IMPORT', 31, 'Initial stock for product 53'),
(54, 54, 1, 'IMPORT', 38, 'Initial stock for product 54'),
(55, 55, 1, 'IMPORT', 45, 'Initial stock for product 55'),
(56, 56, 1, 'IMPORT', 52, 'Initial stock for product 56'),
(57, 57, 1, 'IMPORT', 59, 'Initial stock for product 57'),
(58, 58, 1, 'IMPORT', 26, 'Initial stock for product 58'),
(59, 59, 1, 'IMPORT', 33, 'Initial stock for product 59'),
(60, 60, 1, 'IMPORT', 40, 'Initial stock for product 60'),
(61, 61, 1, 'IMPORT', 47, 'Initial stock for product 61'),
(62, 62, 1, 'IMPORT', 54, 'Initial stock for product 62'),
(63, 63, 1, 'IMPORT', 21, 'Initial stock for product 63'),
(64, 64, 1, 'IMPORT', 28, 'Initial stock for product 64'),
(65, 65, 1, 'IMPORT', 35, 'Initial stock for product 65'),
(66, 66, 1, 'IMPORT', 42, 'Initial stock for product 66'),
(67, 67, 1, 'IMPORT', 49, 'Initial stock for product 67'),
(68, 68, 1, 'IMPORT', 56, 'Initial stock for product 68'),
(69, 69, 1, 'IMPORT', 23, 'Initial stock for product 69'),
(70, 70, 1, 'IMPORT', 30, 'Initial stock for product 70'),
(71, 71, 1, 'IMPORT', 37, 'Initial stock for product 71'),
(72, 72, 1, 'IMPORT', 44, 'Initial stock for product 72'),
(73, 73, 1, 'IMPORT', 51, 'Initial stock for product 73'),
(74, 74, 1, 'IMPORT', 58, 'Initial stock for product 74'),
(75, 75, 1, 'IMPORT', 25, 'Initial stock for product 75'),
(76, 76, 1, 'IMPORT', 32, 'Initial stock for product 76'),
(77, 77, 1, 'IMPORT', 39, 'Initial stock for product 77'),
(78, 78, 1, 'IMPORT', 46, 'Initial stock for product 78'),
(79, 79, 1, 'IMPORT', 53, 'Initial stock for product 79'),
(80, 80, 1, 'IMPORT', 20, 'Initial stock for product 80'),
(81, 81, 1, 'IMPORT', 27, 'Initial stock for product 81'),
(82, 82, 1, 'IMPORT', 34, 'Initial stock for product 82'),
(83, 83, 1, 'IMPORT', 41, 'Initial stock for product 83'),
(84, 84, 1, 'IMPORT', 48, 'Initial stock for product 84'),
(85, 85, 1, 'IMPORT', 55, 'Initial stock for product 85'),
(86, 86, 1, 'IMPORT', 22, 'Initial stock for product 86'),
(87, 87, 1, 'IMPORT', 29, 'Initial stock for product 87'),
(88, 88, 1, 'IMPORT', 36, 'Initial stock for product 88'),
(89, 89, 1, 'IMPORT', 43, 'Initial stock for product 89'),
(90, 90, 1, 'IMPORT', 50, 'Initial stock for product 90'),
(91, 91, 1, 'IMPORT', 57, 'Initial stock for product 91'),
(92, 92, 1, 'IMPORT', 24, 'Initial stock for product 92'),
(93, 93, 1, 'IMPORT', 31, 'Initial stock for product 93'),
(94, 94, 1, 'IMPORT', 38, 'Initial stock for product 94'),
(95, 95, 1, 'IMPORT', 45, 'Initial stock for product 95'),
(96, 96, 1, 'IMPORT', 52, 'Initial stock for product 96'),
(97, 97, 1, 'IMPORT', 59, 'Initial stock for product 97'),
(98, 98, 1, 'IMPORT', 26, 'Initial stock for product 98'),
(99, 99, 1, 'IMPORT', 33, 'Initial stock for product 99'),
(100, 100, 1, 'IMPORT', 40, 'Initial stock for product 100');

-- Customer experience --------------------------------------------------------
INSERT INTO `CartItem`
(`id`, `user_id`, `product_id`, `product_variant_id`, `quantity`, `thumbnail_id`)
VALUES
(1, 'USR-002', 1, 1, 1, 1);

INSERT INTO `Review`
(`id`, `product_id`, `vote`, `comment`, `user_id`, `parent_id`, `create_at`, `update_at`)
VALUES
(1, 1, 5, 'Great phone with excellent battery life.', 'USR-002', NULL, NOW(), NOW());

-- Orders, payments, and OTP --------------------------------------------------
INSERT INTO `Order`
(`id`, `user_id`, `total`, `status`, `create_at`, `deliver_at`, `province`, `ward`, `detail`, `note`)
VALUES
('ORD-001', 'USR-002', 23900000, 'DELIVERED', NOW(), NOW(), 'Ho Chi Minh City', 'District 1', '123 Nguyen Hue', 'Deliver ASAP');

INSERT INTO `OrderItem`
(`id`, `order_id`, `product_id`, `product_variant_id`, `quantity`, `price_per_item`, `status`)
VALUES
(1, 'ORD-001', 1, 1, 1, 23900000, 'DELIVERED');

INSERT INTO `Payment`
(`id`, `order_id`, `amount`, `method`, `payment_status`, `transaction_code`, `create_at`, `update_at`, `user_id`)
VALUES
('PAY-001', 'ORD-001', 23900000, 'VNPAY', 'SUCCESS', 'VNPAY123456', NOW(), NOW(), 'USR-002');

INSERT INTO `Otp`
(`id`, `code`, `created_at`, `expire_at`, `email`, `limit`)
VALUES
('OTP-001', '123456', NOW(), DATE_ADD(NOW(), INTERVAL 10 MINUTE), 'binh.tran@example.com', 5);

-- Returns --------------------------------------------------------------------
INSERT INTO `ReturnOrderRequest`
(`order_id`, `order_item_id`, `reason`, `approved_by`, `create_at`, `update_at`)
VALUES
('ORD-001', 1, 'Customer reported minor scratch on frame.', 'USR-018', NOW(), NOW());

INSERT INTO `ReturnOrderImage`
(`public_id`, `image_url`, `order_id`, `order_item_id`)
VALUES
('return-img-1', 'https://res.cloudinary.com/dazdwbzdw/image/upload/v1764415276/iphone_16_pro_max_desert_titan_3552a28ae0_prbta8.webp', 'ORD-001', 1);
